match_id,platform_id,game_creation,game_duration_s,game_duration_min,team_id,match_win,participant_id,is_target_player,summoner_name,riot_id_game_name,riot_id_tagline,champion,team_position,kills,deaths,assists,gold_earned,vision_score,total_damage_to_champions,magic_damage_to_champions,physical_damage_to_champions,total_minions_killed,neutral_minions_killed,cs_total,time_ccing_others,total_time_spent_dead,gold_per_min,vision_score_per_min,kda
LA2_1596508317,0,1779241933382,1714.0,28.57,100,1,1,0,KapoMaximo,KapoMaximo,LAS,Malphite,TOP,6,2,8,12069,25,24095,19346,4532,196,1,197,38,26,422.4267624973988,0.8769358815848645,7.0
LA2_1596508317,0,1779241933382,1714.0,28.57,100,1,2,0,jesuscoolxd,jesuscoolxd,9020,Nocturne,JUNGLE,6,3,12,13069,23,16694,1648,13654,19,198,217,181,57,457.40233302270195,0.8351470512549397,6.0
LA2_1596508317,0,1779241933382,1714.0,28.57,100,1,3,1,Vanitas,Vanitas,DANTE,Naafiri,MIDDLE,16,4,10,14791,18,37709,1205,33812,211,0,211,3,82,517.6670985757194,0.6302133360309565,6.5
LA2_1596508317,0,1779241933382,1714.0,28.57,100,1,4,0,ApoluKB,ApoluKB,LAS,Jinx,BOTTOM,6,6,9,12771,29,15900,576,15323,178,0,178,11,175,446.9928202583335,1.02551574893988,2.5
LA2_1596508317,0,1779241933382,1714.0,28.57,100,1,5,0,squirtlesourer1,squirtlesourer1,LAS,Milio,UTILITY,1,1,29,9288,88,7388,5696,1691,35,0,35,38,34,325.06903347307536,3.103165402137074,30.0
LA2_1596496298,0,1779239751678,1613.0,26.88,100,1,3,0,TioPyke,TioPyke,DRR4,Pyke,,19,3,12,18500,0,31758,0,22888,0,0,0,83,160,687.8745411863706,0.9711911136710675,10.333333333333334
LA2_1596496298,0,1779239751678,1613.0,26.88,100,1,4,0,Jij,Jij,9845,Viktor,,4,5,24,23061,0,35639,29282,1171,0,0,0,86,142,857.4635023945348,0.9711911136710675,5.6
LA2_1596496298,0,1779239751678,1613.0,26.88,100,1,5,0,SFF Panchelazo,SFF Panchelazo,TFT,Seraphine,,12,5,22,28211,0,85724,79498,1094,8,0,8,72,1410,1048.9529016977676,0.9711911136710675,6.8
LA2_1596496298,0,1779239751678,1613.0,26.88,100,1,11,0,Ðrîft,Ðrîft,LAS,Maokai,,11,7,14,13250,0,43643,36044,4815,0,0,0,162,1241,492.66690111996814,0.9711911136710675,3.5714285714285716
LA2_1596496298,0,1779239751678,1613.0,26.88,100,1,12,0,FUERAVENECOSQLS,FUERAVENECOSQLS,9090,Volibear,,9,6,14,15250,0,55872,24960,29373,0,0,0,57,738,567.0317163833596,0.9711911136710675,3.8333333333333335
LA2_1596496298,0,1779239751678,1613.0,26.88,100,1,13,0,JuniorPlayboy69,JuniorPlayboy69,6969,TahmKench,,5,7,17,13250,0,39814,18471,2918,0,0,0,51,1161,492.66690111996814,0.9711911136710675,3.142857142857143
LA2_1596496298,0,1779239751678,1613.0,26.88,100,1,15,0,Maxton48,Maxton48,EVO,Vi,,3,6,20,17473,0,41269,3978,37291,0,0,0,53,3639,649.6882085486192,0.9711911136710675,3.8333333333333335
LA2_1596496298,0,1779239751678,1613.0,26.88,100,1,16,0,squirtlesourer1,squirtlesourer1,LAS,Akshan,,22,6,8,20975,0,85277,5051,66855,1,0,1,4,3607,779.9010000748175,0.9711911136710675,5.0
LA2_1596496298,0,1779239751678,1613.0,26.88,100,1,17,1,Vanitas,Vanitas,DANTE,Mordekaiser,,8,5,20,18250,0,60601,56854,2854,0,0,0,80,3698,678.5789392784467,0.9711911136710675,5.6
LA2_1596483446,0,1779237447551,1285.0,21.42,200,0,4,0,Z4CR3D,Z4CR3D,LAS,Pyke,,4,3,7,6782,0,17873,0,9555,0,0,0,29,224,316.66173532912427,0.9711911136710675,3.6666666666666665
LA2_1596483446,0,1779237447551,1285.0,21.42,200,0,5,0,Maestria69,Maestria69,97021,Heimerdinger,,3,6,4,4032,0,13258,11935,1117,0,0,0,27,152,188.26011749440121,0.9711911136710675,1.1666666666666667
LA2_1596483446,0,1779237447551,1285.0,21.42,200,0,6,0,OnlinensonWeb,OnlinensonWeb,WEB,Sylas,,3,7,3,4007,0,11739,11310,428,0,0,0,26,118,187.0928300595401,0.9711911136710675,0.8571428571428571
LA2_1596483446,0,1779237447551,1285.0,21.42,200,0,7,0,squirtlesourer1,squirtlesourer1,LAS,DrMundo,,4,5,9,6802,0,13328,7736,5591,1,0,1,92,363,317.5955652770132,0.9711911136710675,2.6
LA2_1596483446,0,1779237447551,1285.0,21.42,200,0,8,1,Vanitas,Vanitas,DANTE,Hwei,,6,3,8,7522,0,30399,28901,1013,0,0,0,50,163,351.21344340101336,0.9711911136710675,4.666666666666667
LA2_1596483446,0,1779237447551,1285.0,21.42,200,0,9,0,Tàl,Tàl,LAS,Chogath,,3,5,4,3762,0,9091,5350,3441,0,0,0,99,112,175.65341319790113,0.9711911136710675,1.4
LA2_1596483446,0,1779237447551,1285.0,21.42,200,0,10,0,Mandinga20,Mandinga20,LAS,Mordekaiser,,3,7,3,3760,0,14602,13187,1414,0,0,0,5,193,175.56003020311226,0.9711911136710675,0.8571428571428571
LA2_1596483446,0,1779237447551,1285.0,21.42,200,0,11,0,Kenji,Kenji,Josty,Yunara,,1,4,3,3796,0,11489,4442,6524,0,0,0,8,272,177.24092410931226,0.9711911136710675,1.0
LA2_1596483446,0,1779237447551,1285.0,21.42,200,0,14,0,Andres09kill,Andres09kill,LAS,TahmKench,,3,5,5,4002,0,17966,6216,2839,0,0,0,36,76,186.85937257256788,0.9711911136710675,1.6
LA2_1596464614,0,1779233531655,1853.0,30.88,100,0,1,0,mrtnfg,mrtnfg,mar,Mordekaiser,TOP,6,10,1,11083,19,20712,17473,1778,189,0,189,7,390,358.7460267361213,0.6370020001117693,0.7
LA2_1596464614,0,1779233531655,1853.0,30.88,100,0,2,0,KapoMaximo,KapoMaximo,LAS,Karthus,JUNGLE,2,14,14,11166,24,27702,25538,78,28,150,178,15,450,361.4263436062301,0.7940294689586845,1.1428571428571428
LA2_1596464614,0,1779233531655,1853.0,30.88,100,0,3,1,Vanitas,Vanitas,DANTE,Vex,MIDDLE,15,12,5,14401,32,42025,38906,2019,169,0,169,40,336,466.13396725168263,1.0519718332896986,1.6666666666666667
LA2_1596464614,0,1779233531655,1853.0,30.88,100,0,4,0,Matiroca13,Matiroca13,8501,Tristana,BOTTOM,14,13,6,17394,15,44239,2791,41093,196,0,196,8,379,562.9925317444726,0.48725162898303115,1.5384615384615385
LA2_1596464614,0,1779233531655,1853.0,30.88,100,0,5,0,squirtlesourer1,squirtlesourer1,LAS,Soraka,UTILITY,0,15,19,9061,45,6975,6764,211,21,0,21,52,382,293.2832563436203,1.4706793603659551,1.2666666666666666
LA2_1596456524,0,1779231651207,1469.0,24.48,200,1,6,0,KapoMaximo,KapoMaximo,LAS,Teemo,TOP,8,4,6,12929,21,20832,16409,3986,202,0,202,29,131,528.0242805388008,0.8714537754394598,3.5
LA2_1596456524,0,1779231651207,1469.0,24.48,200,1,7,0,Patitas Locas,Patitas Locas,RAB,Briar,JUNGLE,10,2,3,12289,20,18600,892,17357,29,164,193,21,64,501.9164351368849,0.8288344372356463,6.5
LA2_1596456524,0,1779231651207,1469.0,24.48,200,1,8,1,Vanitas,Vanitas,DANTE,Naafiri,MIDDLE,12,5,7,12278,26,22797,564,20133,170,0,170,1,162,501.46919136176587,1.0779220829653415,3.8
LA2_1596456524,0,1779231651207,1469.0,24.48,200,1,9,0,Matiroca13,Matiroca13,8501,Katarina,BOTTOM,21,4,3,15729,8,31283,13759,16069,171,4,175,3,140,642.3946918830513,0.32937468372167006,6.0
LA2_1596456524,0,1779231651207,1469.0,24.48,200,1,10,0,squirtlesourer1,squirtlesourer1,LAS,Blitzcrank,UTILITY,0,4,20,8222,42,6940,4165,2774,31,0,31,36,97,335.81079899191104,1.730174399158683,5.0
LA2_1596312583,0,1779161582758,2281.0,38.02,200,0,6,0,KapoMaximo,KapoMaximo,LAS,Malphite,TOP,3,9,13,13588,27,23177,19118,4059,207,4,211,45,416,357.4405572767491,0.7149284822114503,1.7777777777777777
LA2_1596312583,0,1779161582758,2281.0,38.02,200,0,7,0,squirtlesourer1,squirtlesourer1,LAS,Shyvana,JUNGLE,5,13,10,14291,40,26035,10280,10055,41,201,242,19,486,375.9289992596327,1.0563567702718535,1.1538461538461537
LA2_1596312583,0,1779161582758,2281.0,38.02,200,0,8,1,Vanitas,Vanitas,DANTE,Naafiri,MIDDLE,22,12,8,23096,40,61724,872,56559,292,0,292,9,453,607.5264942583324,1.0644397561606878,2.5
LA2_1596312583,0,1779161582758,2281.0,38.02,200,0,9,0,Matiroca13,Matiroca13,8501,Lux,BOTTOM,16,17,13,18774,14,59195,54605,1942,190,0,190,96,478,493.8533242018892,0.3943194468037666,1.7058823529411764
LA2_1596312583,0,1779161582758,2281.0,38.02,200,0,10,0,Maxton48,Maxton48,EVO,Rell,UTILITY,1,12,22,10706,51,11728,9176,2551,33,4,37,66,374,281.6161363170107,1.3670062654222042,1.9166666666666667
LA2_1596293341,0,1779158408695,1712.0,28.53,200,1,6,0,squirtlesourer1,squirtlesourer1,LAS,Sett,TOP,5,4,7,11963,30,25139,0,21148,201,19,220,32,142,419.153798761705,1.0572029829657867,3.0
LA2_1596293341,0,1779158408695,1712.0,28.53,200,1,7,0,KapoMaximo,KapoMaximo,LAS,Briar,JUNGLE,7,3,4,13068,25,11290,724,10257,14,209,223,13,71,457.8869842504443,0.8843130290437875,3.6666666666666665
LA2_1596293341,0,1779158408695,1712.0,28.53,200,1,8,1,Vanitas,Vanitas,DANTE,Vex,MIDDLE,11,6,7,14545,35,39608,36392,1730,211,0,211,42,243,509.606881118797,1.233708241629013,3.0
LA2_1596293341,0,1779158408695,1712.0,28.53,200,1,9,0,Matiroca13,Matiroca13,8501,Ashe,BOTTOM,14,6,6,15944,16,32420,1458,30823,237,14,251,38,143,558.6331270936627,0.5867687041709815,3.3333333333333335
LA2_1596293341,0,1779158408695,1712.0,28.53,200,1,10,0,Maxton48,Maxton48,EVO,Seraphine,UTILITY,1,1,21,9885,56,19262,17701,1514,46,1,47,44,33,346.3349310317035,1.977070896894328,22.0
LA2_1596274214,0,1779155438995,1879.0,31.32,200,0,6,0,squirtlesourer1,squirtlesourer1,LAS,Sett,TOP,10,8,8,13943,24,37789,0,29119,183,2,185,36,241,445.07960209167,0.7741412891365131,2.25
LA2_1596274214,0,1779155438995,1879.0,31.32,200,0,7,0,KapoMaximo,KapoMaximo,LAS,Shaco,JUNGLE,4,8,10,11190,43,15966,5063,8558,17,177,194,18,268,357.19057153719865,1.3783997362325446,1.75
LA2_1596274214,0,1779155438995,1879.0,31.32,200,0,8,1,Vanitas,Vanitas,DANTE,Naafiri,MIDDLE,7,10,14,12032,23,22141,419,18537,185,0,185,2,277,384.0852029009628,0.7441730122376778,2.1
LA2_1596274214,0,1779155438995,1879.0,31.32,200,0,9,0,Matiroca13,Matiroca13,8501,Veigar,BOTTOM,18,5,9,19539,13,43858,41796,1027,274,4,278,25,148,623.6953050163794,0.4226387843577387,5.4
LA2_1596274214,0,1779155438995,1879.0,31.32,200,0,10,0,Maxton48,Maxton48,EVO,Rell,UTILITY,2,5,25,10375,55,12826,9677,3149,37,0,37,44,81,331.16624093464674,1.775686081969119,5.4
LA2_1596255191,0,1779152358500,941.0,15.68,200,1,6,0,KapoMaximo,KapoMaximo,LAS,Malphite,TOP,6,0,2,7179,10,11895,9024,2870,115,0,115,17,0,457.39781902273506,0.682832834360649,8.0
LA2_1596255191,0,1779152358500,941.0,15.68,200,1,7,0,squirtlesourer1,squirtlesourer1,LAS,Nocturne,JUNGLE,3,0,7,6467,14,4667,326,4073,2,107,109,39,0,412.02548599166107,0.9098096490517769,10.0
LA2_1596255191,0,1779152358500,941.0,15.68,200,1,8,1,Vanitas,Vanitas,DANTE,Naafiri,MIDDLE,6,1,4,7055,17,9456,320,7932,124,0,124,0,12,449.51442254696843,1.1054739410349514,10.0
LA2_1596255191,0,1779152358500,941.0,15.68,200,1,9,0,Matiroca13,Matiroca13,8501,Lux,BOTTOM,5,0,8,7062,3,9575,8410,582,110,0,110,36,0,449.90988642387396,0.2104306457574646,13.0
LA2_1596255191,0,1779152358500,941.0,15.68,200,1,10,0,Maxton48,Maxton48,EVO,Seraphine,UTILITY,3,3,8,5302,27,4455,3841,534,26,0,26,13,50,337.838385099627,1.740762693248907,3.6666666666666665
LA2_1596240585,0,1779150002252,1889.0,31.48,200,1,6,0,KapoMaximo,KapoMaximo,LAS,Garen,TOP,18,4,11,18410,28,47763,0,36524,232,4,236,66,112,584.5472959053724,0.8903177323568285,7.25
LA2_1596240585,0,1779150002252,1889.0,31.48,200,1,7,0,squirtlesourer1,squirtlesourer1,LAS,Shyvana,JUNGLE,4,4,15,12977,28,16997,6553,8500,13,209,222,12,137,412.026726343419,0.917969847051664,4.75
LA2_1596240585,0,1779150002252,1889.0,31.48,200,1,8,1,Vanitas,Vanitas,DANTE,Mordekaiser,MIDDLE,10,7,10,14416,21,24358,20936,3128,191,1,192,27,227,457.73682520556935,0.6976999396318222,2.857142857142857
LA2_1596240585,0,1779150002252,1889.0,31.48,200,1,9,0,Matiroca13,Matiroca13,8501,Smolder,BOTTOM,8,11,8,15484,13,41076,6179,29885,262,16,278,18,304,491.6475309135518,0.4281383603833759,1.4545454545454546
LA2_1596240585,0,1779150002252,1889.0,31.48,200,1,10,0,Maxton48,Maxton48,EVO,Seraphine,UTILITY,4,8,18,10534,37,20145,18517,1472,44,0,44,58,194,334.48368454557885,1.1990552098303258,2.75
LA2_1596226953,0,1779147423376,2195.0,36.58,200,0,6,0,squirtlesourer1,squirtlesourer1,LAS,Garen,TOP,12,13,4,15625,31,35495,478,26951,213,4,217,51,470,427.05584662210225,0.8614479320912105,1.2307692307692308
LA2_1596226953,0,1779147423376,2195.0,36.58,200,0,7,0,STICKSF,STICKSF,LAS,Shaco,JUNGLE,18,12,9,17768,39,44707,10722,25207,28,155,183,37,510,485.64116144951237,1.0735785252085939,2.25
LA2_1596226953,0,1779147423376,2195.0,36.58,200,0,8,1,Vanitas,Vanitas,DANTE,Vex,MIDDLE,8,12,6,13439,28,43988,40666,2279,182,2,184,48,465,367.31695034693365,0.7758824799892255,1.1666666666666667
LA2_1596226953,0,1779147423376,2195.0,36.58,200,0,9,0,Matiroca13,Matiroca13,8501,Corki,BOTTOM,13,14,11,16701,6,49926,12289,30528,218,0,218,0,547,456.46145738457096,0.18738931075448437,1.7142857142857142
LA2_1596226953,0,1779147423376,2195.0,36.58,200,0,10,0,Maxton48,Maxton48,EVO,Karma,UTILITY,2,8,17,11579,75,21124,20513,611,46,2,48,36,291,316.4642957976677,2.064941126681417,2.375
LA2_1596219924,0,1779145908138,978.0,16.3,100,1,1,0,squirtlesourer1,squirtlesourer1,LAS,Malphite,TOP,1,2,1,4801,6,9342,6905,1927,79,0,79,17,37,294.27615370007976,0.3807592250299077,1.0
LA2_1596219924,0,1779145908138,978.0,16.3,100,1,2,0,Jax Lame Patitas,Jax Lame Patitas,6969,Kindred,JUNGLE,8,1,2,7605,9,9423,759,7500,11,104,115,10,0,466.1481050185107,0.5617109422734201,10.0
LA2_1596219924,0,1779145908138,978.0,16.3,100,1,3,1,Vanitas,Vanitas,DANTE,Vex,MIDDLE,9,1,4,8410,16,18323,15724,2071,127,0,127,22,32,515.4273241049011,1.0142958554261239,13.0
LA2_1596219924,0,1779145908138,978.0,16.3,100,1,4,0,Matiroca13,Matiroca13,8501,Lucian,BOTTOM,5,3,4,7324,1,11118,1326,9791,116,0,116,0,69,448.9010651255862,0.10643161311380442,3.0
LA2_1596219924,0,1779145908138,978.0,16.3,100,1,5,0,Maxton48,Maxton48,EVO,Rell,UTILITY,0,2,9,4805,20,3394,2898,495,16,0,16,22,32,294.4956563116071,1.2480601282489128,4.5
LA2_1596199865,0,1779141286025,1438.0,23.97,200,1,6,0,KapoMaximo,KapoMaximo,LAS,Illaoi,TOP,5,4,4,9834,21,21697,1065,20632,171,0,171,1,106,410.08781380515137,0.8928333723888086,2.25
LA2_1596199865,0,1779141286025,1438.0,23.97,200,1,7,0,ItOnly,ItOnly,59hz,MonkeyKing,JUNGLE,7,1,7,11968,30,11448,2092,8010,40,150,190,30,44,499.0660666913226,1.2616788462348711,14.0
LA2_1596199865,0,1779141286025,1438.0,23.97,200,1,8,1,Vanitas,Vanitas,DANTE,Vex,MIDDLE,15,3,4,12485,30,32473,30057,1997,178,0,178,37,99,520.62734439373,1.258013175283726,6.333333333333333
LA2_1596199865,0,1779141286025,1438.0,23.97,200,1,9,0,PauSillao,PauSillao,2712,Ashe,BOTTOM,5,1,10,10739,13,12465,511,11954,182,0,182,34,20,447.8032524377625,0.5701225029210327,15.0
LA2_1596199865,0,1779141286025,1438.0,23.97,200,1,10,0,Maxton48,Maxton48,EVO,Karma,UTILITY,1,1,17,7846,37,11915,11801,114,31,0,31,21,36,327.1733216005876,1.5779735985447765,18.0
LA2_1596188899,0,1779138496790,1711.0,28.52,100,1,1,0,KapoMaximo,KapoMaximo,LAS,Sett,TOP,2,5,3,10714,27,10570,0,6550,165,0,165,12,199,375.5103460011083,0.9804550559283858,1.0
LA2_1596188899,0,1779138496790,1711.0,28.52,100,1,2,0,ItOnly,ItOnly,59hz,Viego,JUNGLE,6,5,6,12739,37,14827,1821,10748,35,187,222,19,144,446.4980209976963,1.3304950054053226,2.4
LA2_1596188899,0,1779138496790,1711.0,28.52,100,1,3,1,Vanitas,Vanitas,DANTE,Vex,MIDDLE,4,7,4,9547,43,20043,17195,1427,157,0,157,39,188,334.63244384552297,1.521511695402068,1.1428571428571428
LA2_1596188899,0,1779138496790,1711.0,28.52,100,1,4,0,BADGYAAAL,BADGYAAAL,ARCA,Samira,BOTTOM,20,8,10,18019,24,53421,5779,47076,198,8,206,10,235,631.5408227786828,0.8418931528208456,3.75
LA2_1596188899,0,1779138496790,1711.0,28.52,100,1,5,0,mRocco,mRocco,5890,Lux,UTILITY,11,5,23,14081,66,35250,33216,1120,92,0,92,79,149,493.51907252628587,2.340169034390674,6.8
LA2_1596186119,0,1779136623241,1501.0,25.02,200,0,6,0,zapS04kkloG,zapS04kkloG,LAS,Briar,TOP,6,10,9,9951,16,22485,2322,18164,121,0,121,28,285,397.6657123581051,0.6619859278857873,1.5
LA2_1596186119,0,1779136623241,1501.0,25.02,200,0,7,0,KapoMaximo,KapoMaximo,LAS,Naafiri,JUNGLE,6,9,9,10667,18,18922,0,17773,14,130,144,5,288,426.2921424631085,0.7513102294133814,1.6666666666666667
LA2_1596186119,0,1779136623241,1501.0,25.02,200,0,8,1,Vanitas,Vanitas,DANTE,Vex,MIDDLE,11,6,5,12991,35,27389,25130,1254,190,0,190,27,210,519.165572173049,1.4232684034923604,2.6666666666666665
LA2_1596186119,0,1779136623241,1501.0,25.02,200,0,9,0,ItOnly,ItOnly,59hz,Caitlyn,BOTTOM,7,14,7,12194,22,16489,437,15964,161,0,161,6,348,487.3221696533653,0.8901154269188265,1.0
LA2_1596186119,0,1779136623241,1501.0,25.02,200,0,10,0,opalite,opalite,000c,Seraphine,UTILITY,2,7,6,6924,36,7711,6769,637,51,0,51,15,163,276.69553006586955,1.4752717055015596,1.1428571428571428
LA2_1596082901,0,1779077236233,2122.0,35.37,100,1,1,0,KapoMaximo,KapoMaximo,LAS,Sion,TOP,5,7,6,14319,33,36356,15448,20882,261,4,265,64,177,404.79626168211314,0.9340804557466036,1.5714285714285714
LA2_1596082901,0,1779077236233,2122.0,35.37,100,1,2,0,squirtlesourer1,squirtlesourer1,LAS,Nocturne,JUNGLE,9,5,8,14681,36,20494,1540,17287,36,183,219,181,211,415.0096698275909,1.036655919760341,3.4
LA2_1596082901,0,1779077236233,2122.0,35.37,100,1,3,1,Vanitas,Vanitas,DANTE,Naafiri,MIDDLE,7,11,11,14338,46,36839,724,32791,201,18,219,5,470,405.33529292884896,1.3144379766080356,1.6363636363636365
LA2_1596082901,0,1779077236233,2122.0,35.37,100,1,4,0,Matiroca13,Matiroca13,8501,Veigar,BOTTOM,23,5,9,21514,19,73279,72534,745,258,16,274,24,228,608.1932125095352,0.5389979256480835,6.4
LA2_1596082901,0,1779077236233,2122.0,35.37,100,1,5,0,Maxton48,Maxton48,EVO,Seraphine,UTILITY,3,5,23,11911,86,15536,14781,754,56,0,56,46,174,336.719950002466,2.4388614258489585,5.2
LA2_1596073084,0,1779075008560,1833.0,30.55,200,0,6,0,Mani,Mani,8179,TahmKench,TOP,7,6,8,11240,29,29110,20593,8410,163,0,163,46,208,367.73459062283825,0.9775956969403634,2.5
LA2_1596073084,0,1779075008560,1833.0,30.55,200,0,7,0,KapoMaximo,KapoMaximo,LAS,LeeSin,JUNGLE,11,8,6,12468,23,25948,3488,20693,12,141,153,22,329,407.9143935104462,0.768426416478196,2.125
LA2_1596073084,0,1779075008560,1833.0,30.55,200,0,8,1,Vanitas,Vanitas,DANTE,Syndra,MIDDLE,5,10,9,11603,37,34494,31096,1729,159,0,159,53,361,379.62626698040793,1.2257879424935312,1.4
LA2_1596073084,0,1779075008560,1833.0,30.55,200,0,9,0,Ðârk Vëńøń,Ðârk Vëńøń,KCI,Smolder,BOTTOM,3,9,5,10057,27,15235,1882,13353,183,0,183,7,230,329.02570820642137,0.9141630752989702,0.8888888888888888
LA2_1596073084,0,1779075008560,1833.0,30.55,200,0,10,0,ChaloMillaaaaaaa,ChaloMillaaaaaaa,4618,Xerath,UTILITY,2,6,7,9550,63,23771,22713,227,56,0,56,49,149,312.4628369928052,2.0850331125481913,1.5
LA2_1596058250,0,1779072664886,1571.0,26.18,100,0,1,0,El Vidente,El Vidente,Afjo,Malphite,TOP,1,2,4,9206,29,19245,16394,2570,215,4,219,39,43,351.49992193888124,1.1265267656297757,2.5
LA2_1596058250,0,1779072664886,1571.0,26.18,100,0,2,0,KapoMaximo,KapoMaximo,LAS,Kayn,JUNGLE,9,7,2,11397,23,20982,0,19314,11,160,171,28,192,435.1215461003131,0.9146789879026895,1.5714285714285714
LA2_1596058250,0,1779072664886,1571.0,26.18,100,0,3,1,Vanitas,Vanitas,DANTE,Naafiri,MIDDLE,2,8,7,9598,24,19203,510,15783,191,0,191,0,213,366.46203215672955,0.9278964223991258,1.125
LA2_1596058250,0,1779072664886,1571.0,26.18,100,0,4,0,No Te Baja 2,No Te Baja 2,LAS,Mel,BOTTOM,3,8,5,10664,14,17499,15258,1500,196,0,196,39,129,407.15834111955894,0.5559169047706857,1.0
LA2_1596058250,0,1779072664886,1571.0,26.18,100,0,5,0,Paalta Supremacy,Paalta Supremacy,LAS,Lulu,UTILITY,2,8,4,6973,91,5561,4145,1391,29,0,29,37,118,266.2412909314119,3.4987747413568098,0.75
LA2_1596002757,0,1779064559800,1107.0,18.45,100,1,4,0,Angel,Angel,26I02,Zoe,,13,1,11,11711,0,50240,41780,2201,0,0,0,46,2739,634.3576108791594,0.9711911136710675,24.0
LA2_1596002757,0,1779064559800,1107.0,18.45,100,1,5,0,Demonio Espada,Demonio Espada,LAS,Darius,,8,3,13,10500,0,27549,3357,19609,0,0,0,29,859,568.7248959854569,0.9711911136710675,7.0
LA2_1596002757,0,1779064559800,1107.0,18.45,100,1,6,0,Tetsuo,Tetsuo,MOG,Milio,,4,3,20,11808,0,18072,10309,501,0,0,0,59,1222,639.5717687425023,0.9711911136710675,8.0
LA2_1596002757,0,1779064559800,1107.0,18.45,100,1,7,0,TheVeNoMST,TheVeNoMST,LAS,Gwen,,9,7,8,10250,0,48981,37710,7356,0,0,0,13,904,555.1838270334222,0.9711911136710675,2.4285714285714284
LA2_1596002757,0,1779064559800,1107.0,18.45,100,1,8,0,C A P O R A LxX,C A P O R A LxX,LAS,Singed,,3,7,14,10250,0,13172,9570,3209,0,0,0,83,660,555.1838270334222,0.9711911136710675,2.4285714285714284
LA2_1596002757,0,1779064559800,1107.0,18.45,100,1,9,0,wolf123asd,wolf123asd,LAS,Hwei,,8,5,11,10250,0,33943,33047,895,0,0,0,91,1229,555.1838270334222,0.9711911136710675,3.8
LA2_1596002757,0,1779064559800,1107.0,18.45,100,1,11,0,squirtlesourer1,squirtlesourer1,LAS,Soraka,,3,3,8,7050,0,14011,7373,314,0,0,0,73,463,381.85814444737815,0.9711911136710675,3.6666666666666665
LA2_1596002757,0,1779064559800,1107.0,18.45,100,1,12,0,ItOnly,ItOnly,59hz,Warwick,,5,4,5,7050,0,12249,6494,4816,0,0,0,31,161,381.85814444737815,0.9711911136710675,2.5
LA2_1596002757,0,1779064559800,1107.0,18.45,100,1,14,1,Vanitas,Vanitas,DANTE,Swain,,5,3,8,7050,0,23463,20280,1983,0,0,0,146,420,381.85814444737815,0.9711911136710675,4.333333333333333
LA2_1595994254,0,1779062892115,1355.0,22.58,200,0,6,0,Base,Base,Popin,TahmKench,,0,7,10,12500,0,7298,5046,2252,0,0,0,61,427,553.1476063160394,0.9711911136710675,1.4285714285714286
LA2_1595994254,0,1779062892115,1355.0,22.58,200,0,7,0,FanoDorito,FanoDorito,LAS,AurelionSol,,8,6,7,12550,0,43738,42747,239,2,0,2,43,661,555.3601967413035,0.9711911136710675,2.5
LA2_1595994254,0,1779062892115,1355.0,22.58,200,0,8,0,WGW Gyselle12,WGW Gyselle12,8445,Ashe,,7,8,6,12500,0,25199,1106,21444,0,0,0,56,664,553.1476063160394,0.036876508846144844,1.625
LA2_1595994254,0,1779062892115,1355.0,22.58,200,0,10,0,TU BELLAKO ,TU BELLAKO ,LAS,Tristana,,4,8,6,7300,0,17608,2798,12563,2,0,2,12,431,323.038202088567,0.9711911136710675,1.25
LA2_1595994254,0,1779062892115,1355.0,22.58,200,0,11,0,PLATANERO,PLATANERO,LAS,Warwick,,0,9,9,7250,0,19110,7735,11375,0,0,0,26,415,320.8256116633029,0.9711911136710675,1.0
LA2_1595994254,0,1779062892115,1355.0,22.58,200,0,13,0,squirtlesourer1,squirtlesourer1,LAS,Jax,,8,6,9,10252,0,43264,9668,31530,0,0,0,44,1127,453.6695407961629,0.9711911136710675,2.8333333333333335
LA2_1595994254,0,1779062892115,1355.0,22.58,200,0,14,0,ItOnly,ItOnly,59hz,Gnar,,9,7,8,11250,0,30012,6863,21644,0,0,0,79,566,497.8328456844355,0.9711911136710675,2.4285714285714284
LA2_1595994254,0,1779062892115,1355.0,22.58,200,0,16,1,Vanitas,Vanitas,DANTE,Seraphine,,3,7,15,10250,0,23052,19300,1742,0,0,0,89,874,453.5810371791523,0.9711911136710675,2.5714285714285716
LA2_1595994254,0,1779062892115,1355.0,22.58,200,0,18,0,Ishh,Ishh,LAS,Evelynn,,7,6,3,9955,0,37884,37243,641,0,0,0,6,498,440.5267536700938,0.9711911136710675,1.6666666666666667
LA2_1595975259,0,1779059926565,1754.0,29.23,200,1,6,0,squirtlesourer1,squirtlesourer1,LAS,Malphite,TOP,5,3,2,11017,31,22257,15559,5466,192,0,192,30,96,376.7337332428077,1.0604564391067623,2.3333333333333335
LA2_1595975259,0,1779059926565,1754.0,29.23,200,1,7,0,Matiroca13,Matiroca13,8501,Viego,JUNGLE,14,4,10,16071,19,20546,1403,18062,38,176,214,18,99,549.5418262196516,0.6515177532104561,6.0
LA2_1595975259,0,1779059926565,1754.0,29.23,200,1,8,1,Vanitas,Vanitas,DANTE,Naafiri,MIDDLE,15,7,12,15266,29,44208,640,40402,186,8,194,5,197,522.0112744142642,1.0023781395383033,3.857142857142857
LA2_1595975259,0,1779059926565,1754.0,29.23,200,1,9,0,ItOnly,ItOnly,59hz,Mel,BOTTOM,6,6,9,13073,23,31204,29051,2112,204,10,214,48,157,447.0415962197425,0.7883125272336942,2.5
LA2_1595975259,0,1779059926565,1754.0,29.23,200,1,10,0,Maxton48,Maxton48,EVO,Rell,UTILITY,2,7,16,8900,59,7614,5754,1859,25,0,25,37,160,304.32605157121327,2.0381616531556666,2.5714285714285716
LA2_1595960751,0,1779057638542,1849.0,30.82,200,1,6,0,squirtlesourer1,squirtlesourer1,LAS,Malphite,TOP,3,6,15,11807,19,28282,20409,6297,191,0,191,36,231,383.1064871645092,0.627138286319242,3.0
LA2_1595960751,0,1779057638542,1849.0,30.82,200,1,7,0,Matiroca13,Matiroca13,8501,MasterYi,JUNGLE,19,8,8,16686,17,37666,2126,25050,14,181,195,6,268,541.4271095212855,0.5742893620574627,3.375
LA2_1595960751,0,1779057638542,1849.0,30.82,200,1,8,1,Vanitas,Vanitas,DANTE,Pantheon,MIDDLE,13,6,8,13979,33,32040,2961,26898,173,0,173,31,213,453.59742578112457,1.1025571710672268,3.5
LA2_1595960751,0,1779057638542,1849.0,30.82,200,1,9,0,ItOnly,ItOnly,59hz,Mel,BOTTOM,10,6,7,13922,23,32839,31099,1655,210,2,212,40,195,451.74510109713043,0.7509115040516767,2.8333333333333335
LA2_1595960751,0,1779057638542,1849.0,30.82,200,1,10,0,femboy15,femboy15,151,Nami,UTILITY,0,3,24,9908,121,12922,11333,1588,45,0,45,51,73,321.5005155047861,3.944338066632581,8.0
LA2_1595942460,0,1779054058371,1483.0,24.72,100,1,1,0,Rextemsirteng,Rextemsirteng,LAS,Teemo,TOP,5,2,7,10977,32,26266,19235,5965,181,0,181,28,51,443.8630100515883,1.3264246897324088,6.0
LA2_1595942460,0,1779054058371,1483.0,24.72,100,1,2,0,Mr Strange,Mr Strange,LAS,Jax,JUNGLE,5,2,6,11768,28,9114,2337,5699,22,160,182,8,36,475.84028228078347,1.1566174465344825,5.5
LA2_1595942460,0,1779054058371,1483.0,24.72,100,1,3,1,Vanitas,Vanitas,DANTE,Vex,MIDDLE,12,4,10,12010,31,36524,32554,2961,129,0,129,39,131,485.62872179204595,1.2535274465245034,5.5
LA2_1595942460,0,1779054058371,1483.0,24.72,100,1,4,0,ItOnly,ItOnly,59hz,Kaisa,BOTTOM,3,3,8,11990,20,19833,9312,10521,191,8,199,0,111,484.83777945772925,0.8418552553092293,3.6666666666666665
LA2_1595942460,0,1779054058371,1483.0,24.72,100,1,5,0,patolinnn,patolinnn,4964,Poppy,UTILITY,6,1,11,10159,46,9527,621,7482,36,0,36,19,0,410.7794609824674,1.8670850982879217,17.0
LA2_1595937920,0,1779053583254,128.0,2.13,100,1,1,0,Kled Flaite,Kled Flaite,kxino,Jax,TOP,0,0,0,894,0,0,0,0,15,0,15,0,0,416.25021745838546,0.9711911136710675,2.3333333333333335
LA2_1595937920,0,1779053583254,128.0,2.13,100,1,2,0,Amgc98,Amgc98,Mati,LeeSin,JUNGLE,0,0,0,904,0,0,0,0,0,12,12,0,0,420.9032194777961,0.9711911136710675,2.3333333333333335
LA2_1595937920,0,1779053583254,128.0,2.13,100,1,3,1,Vanitas,Vanitas,DANTE,Vex,MIDDLE,1,0,0,1192,0,1000,580,329,9,0,9,3,0,554.9131197609264,0.9711911136710675,1.0
LA2_1595937920,0,1779053583254,128.0,2.13,100,1,4,0,ItOnly,ItOnly,59hz,Kaisa,BOTTOM,0,0,0,811,0,610,147,462,10,0,10,0,0,377.629329404832,0.9711911136710675,2.3333333333333335
LA2_1595937920,0,1779053583254,128.0,2.13,100,1,5,0,Akali Turra,Akali Turra,RKT,Soraka,UTILITY,0,0,0,699,1,225,184,40,2,0,2,0,0,325.6055428185116,0.8697648053266193,2.3333333333333335
LA2_1595814732,0,1778996309234,1815.0,30.25,100,0,1,0,squirtlesourer1,squirtlesourer1,LAS,Shen,TOP,4,7,6,9315,21,14472,5278,8237,145,0,145,26,242,307.9386039191274,0.7133613431729211,1.4285714285714286
LA2_1595814732,0,1778996309234,1815.0,30.25,100,0,2,0,KapoMaximo,KapoMaximo,LAS,Briar,JUNGLE,1,10,4,9024,20,7454,1277,5351,3,155,158,15,265,298.3240208426395,0.6705524003427284,0.5
LA2_1595814732,0,1778996309234,1815.0,30.25,100,0,3,1,Vanitas,Vanitas,DANTE,Vex,MIDDLE,7,11,7,10584,37,28188,25654,1377,153,0,153,33,388,349.88635431170104,1.2326595981955113,1.2727272727272727
LA2_1595814732,0,1778996309234,1815.0,30.25,100,0,4,0,Matiroca13,Matiroca13,8501,Ashe,BOTTOM,17,10,6,16718,22,42317,1391,40830,216,0,216,49,365,552.647819648171,0.7350928297539544,2.3
LA2_1595814732,0,1778996309234,1815.0,30.25,100,0,5,0,Maxton48,Maxton48,EVO,Seraphine,UTILITY,3,6,15,10086,42,14151,12828,1322,44,0,44,47,216,333.43878615887166,1.3967382991382142,3.0
LA2_1595803934,0,1778994181567,1726.0,28.77,200,0,6,0,squirtlesourer1,squirtlesourer1,LAS,Chogath,TOP,2,6,0,9660,28,13772,9816,2861,190,2,192,88,185,335.7194246782816,1.0009714514185493,0.3333333333333333
LA2_1595803934,0,1778994181567,1726.0,28.77,200,0,7,0,KapoMaximo,KapoMaximo,LAS,Shyvana,JUNGLE,2,8,6,10339,24,14573,5963,5642,19,177,196,18,215,359.319579657096,0.8580195040061765,1.0
LA2_1595803934,0,1778994181567,1726.0,28.77,200,0,8,1,Vanitas,Vanitas,DANTE,Naafiri,MIDDLE,1,9,6,8724,43,17148,479,14550,179,0,179,0,216,303.1938289387242,1.513306439459066,0.7777777777777778
LA2_1595803934,0,1778994181567,1726.0,28.77,200,0,9,0,Matiroca13,Matiroca13,8501,Mel,BOTTOM,15,7,1,16235,18,27218,26483,712,204,4,208,39,163,564.192348216221,0.6319596634171055,2.2857142857142856
LA2_1595803934,0,1778994181567,1726.0,28.77,200,0,10,0,Maxton48,Maxton48,EVO,Karma,UTILITY,0,7,13,7977,59,8717,8569,148,22,0,22,22,144,277.23961441204165,2.0702608098767747,1.8571428571428572
LA2_1595792247,0,1778991592309,2206.0,36.77,200,1,6,0,squirtlesourer1,squirtlesourer1,LAS,Malphite,TOP,4,8,13,12755,43,23646,18780,3746,196,0,196,36,355,346.82100121113075,1.1707556331994213,2.125
LA2_1595792247,0,1778991592309,2206.0,36.77,200,1,7,0,KapoMaximo,KapoMaximo,LAS,MonkeyKing,JUNGLE,7,7,6,15043,35,17945,2537,13670,14,235,249,21,265,409.0366252954635,0.9711911136710675,1.8571428571428572
LA2_1595792247,0,1778991592309,2206.0,36.77,200,1,8,1,Vanitas,Vanitas,DANTE,Naafiri,MIDDLE,24,9,6,20828,54,51419,585,46643,213,8,221,8,375,566.3457200088393,1.4789568584059285,3.3333333333333335
LA2_1595792247,0,1778991592309,2206.0,36.77,200,1,9,0,Matiroca13,Matiroca13,8501,Mel,BOTTOM,16,11,12,18892,25,48345,45933,2209,276,8,284,48,340,513.6975227423976,0.7013555929240768,2.5454545454545454
LA2_1595792247,0,1778991592309,2206.0,36.77,200,1,10,0,Maxton48,Maxton48,EVO,Rell,UTILITY,3,9,24,11831,67,11120,8466,2653,35,4,39,48,286,321.71067466230517,1.8465929009460955,3.0
LA2_1595776895,0,1778989438571,1630.0,27.17,100,0,1,0,squirtlesourer1,squirtlesourer1,LAS,Zaahen,TOP,4,8,4,9195,12,14152,1233,11287,164,0,164,21,269,338.3608106974062,0.4496060167527654,1.0
LA2_1595776895,0,1778989438571,1630.0,27.17,100,0,2,0,KapoMaximo,KapoMaximo,LAS,Khazix,JUNGLE,3,6,3,10199,35,15169,798,12293,19,119,138,2,178,375.3058306902303,1.321875193204079,1.0
LA2_1595776895,0,1778989438571,1630.0,27.17,100,0,3,1,Vanitas,Vanitas,DANTE,Neeko,MIDDLE,3,10,4,9840,22,13175,11751,544,161,1,162,32,295,362.0844517239159,0.8390456357248203,0.7
LA2_1595776895,0,1778989438571,1630.0,27.17,100,0,4,0,Matiroca13,Matiroca13,8501,Mel,BOTTOM,9,7,4,12740,11,26468,24499,1968,222,1,223,38,154,468.7939797985751,0.4371295690350339,1.8571428571428572
LA2_1595776895,0,1778989438571,1630.0,27.17,100,0,5,0,Maxton48,Maxton48,EVO,Pyke,UTILITY,4,9,7,8949,41,6969,0,5479,35,0,35,24,230,329.3161321314997,1.5419343701544916,1.2222222222222223
LA2_1595674835,0,1778970248251,1536.0,25.6,100,1,2,0,squirtlesourer1,squirtlesourer1,LAS,Sett,,8,6,24,16435,0,54093,15094,32805,7,0,7,43,579,641.6219964220433,0.9711911136710675,5.333333333333333
LA2_1595674835,0,1778970248251,1536.0,25.6,100,1,5,1,Vanitas,Vanitas,DANTE,Soraka,,4,7,27,16335,0,40618,19240,873,3,0,3,237,387,637.7179988776438,0.9711911136710675,4.428571428571429
LA2_1595674835,0,1778970248251,1536.0,25.6,100,1,6,0,Matiroca13,Matiroca13,8501,Olaf,,22,8,12,16405,0,102354,5698,28806,5,0,5,16,669,640.4507971587234,0.9711911136710675,4.25
LA2_1595674835,0,1778970248251,1536.0,25.6,100,1,12,0,artillero78,artillero78,LAS,Sett,,10,5,5,10025,0,42482,19640,15685,1,0,1,21,748,391.375753826041,0.9711911136710675,3.0
LA2_1595674835,0,1778970248251,1536.0,25.6,100,1,13,0,0dios0,0dios0,LAS,Leona,,4,5,9,10316,0,31842,13111,6736,0,0,0,106,714,402.73638668024324,0.9711911136710675,2.6
LA2_1595674835,0,1778970248251,1536.0,25.6,100,1,14,0,Zerox ,Zerox ,387,Amumu,,3,7,8,10366,0,15568,8634,1121,2,0,2,43,414,404.68838545244296,0.9711911136710675,1.5714285714285714
LA2_1595674835,0,1778970248251,1536.0,25.6,100,1,15,0,gaby009,gaby009,6681,Sett,,12,8,22,16250,0,110862,0,34667,0,0,0,37,1727,634.3996009649044,0.9711911136710675,4.25
LA2_1595674835,0,1778970248251,1536.0,25.6,100,1,16,0,Yurishizu 愛,Yurishizu 愛,白 日,Viktor,,12,4,25,21432,0,60849,51067,3161,0,0,0,121,2204,836.7060499648665,0.9711911136710675,9.25
LA2_1595674835,0,1778970248251,1536.0,25.6,100,1,17,0,Licrilo,Licrilo,Bacci,LeeSin,,18,7,21,18221,0,84312,6388,34462,0,0,0,64,1643,711.3473925650167,0.9711911136710675,5.571428571428571
LA2_1595666286,0,1778968171123,1614.0,26.9,200,1,6,0,ItOnly,ItOnly,59hz,Trundle,TOP,6,8,6,12745,25,31213,2920,26627,175,4,179,22,243,473.608822196794,0.9505906197364027,1.5
LA2_1595666286,0,1778968171123,1614.0,26.9,200,1,7,0,KapoMaximo,KapoMaximo,LAS,Jax,JUNGLE,8,3,8,12069,26,23936,8038,14614,4,181,185,19,60,448.50183205090036,0.9818172003610284,5.333333333333333
LA2_1595666286,0,1778968171123,1614.0,26.9,200,1,8,1,Vanitas,Vanitas,DANTE,Naafiri,MIDDLE,13,8,11,13732,31,41775,679,37277,182,4,186,2,245,510.2731912449086,1.1883371640636617,3.0
LA2_1595666286,0,1778968171123,1614.0,26.9,200,1,9,0,Matiroca13,Matiroca13,8501,Mel,BOTTOM,19,2,7,16137,8,44065,42198,1737,212,4,216,34,28,599.6649104245425,0.3124073096853828,13.0
LA2_1595666286,0,1778968171123,1614.0,26.9,200,1,10,0,Maxton48,Maxton48,EVO,Rell,UTILITY,0,1,28,8875,46,10159,7756,2403,30,4,34,43,37,329.7923636730469,1.7416807458630061,28.0
LA2_1595656450,0,1778966069713,1545.0,25.75,100,0,1,0,No tengo papel,No tengo papel,1368,Illaoi,TOP,8,8,4,10709,16,29191,0,29095,185,0,185,7,233,415.7229558928695,0.6287088133929114,1.5
LA2_1595656450,0,1778966069713,1545.0,25.75,100,0,2,0,KapoMaximo,KapoMaximo,LAS,Alistar,JUNGLE,2,6,11,8271,18,10585,8577,1571,3,101,104,48,158,321.0848908681712,0.7349737406269262,2.1666666666666665
LA2_1595656450,0,1778966069713,1545.0,25.75,100,0,3,1,Vanitas,Vanitas,DANTE,Vex,MIDDLE,8,8,6,10973,34,26594,22448,3284,165,0,165,38,251,425.9781722735332,1.3579580318469622,1.75
LA2_1595656450,0,1778966069713,1545.0,25.75,100,0,4,0,Matiroca13,Matiroca13,8501,Velkoz,BOTTOM,6,9,4,9924,8,26161,18637,1387,154,4,158,32,231,385.24453044370915,0.332811750193788,1.1111111111111112
LA2_1595656450,0,1778966069713,1545.0,25.75,100,0,5,0,ItOnly,ItOnly,59hz,Thresh,UTILITY,2,9,10,7714,41,10990,7772,2562,48,0,48,42,174,299.4392478746669,1.5972938337388711,1.3333333333333333
LA2_1595645940,0,1778963961088,1441.0,24.02,200,1,6,0,foxp3,foxp3,LAS,Shen,TOP,1,4,7,7369,13,13108,5556,6141,129,0,129,28,100,306.8461914214298,0.5809796380342769,2.0
LA2_1595645940,0,1778963961088,1441.0,24.02,200,1,7,0,KapoMaximo,KapoMaximo,LAS,Aatrox,JUNGLE,13,4,8,12352,17,21263,1348,18782,7,159,166,20,67,514.3308084171985,0.7357751632833512,5.25
LA2_1595645940,0,1778963961088,1441.0,24.02,200,1,8,1,Vanitas,Vanitas,DANTE,Naafiri,MIDDLE,9,6,5,11276,23,18431,363,15974,154,0,154,0,161,469.5347369510819,0.9764053295413091,2.3333333333333335
LA2_1595645940,0,1778963961088,1441.0,24.02,200,1,9,0,Matiroca13,Matiroca13,8501,Xerath,BOTTOM,11,5,13,12513,6,33291,31988,1303,164,0,164,45,87,521.0065147701198,0.2498639426662719,4.8
LA2_1595645940,0,1778963961088,1441.0,24.02,200,1,10,0,ItOnly,ItOnly,59hz,Senna,UTILITY,6,8,22,10671,51,23420,443,22947,45,4,49,43,178,444.3351449653165,2.1279674867401814,3.5
LA2_1595640537,0,1778962389628,1151.0,19.18,100,1,1,0,Josheszz,Josheszz,LAS,Sylas,TOP,3,1,1,7701,12,13303,12812,235,170,0,170,18,20,401.34841103711085,0.637946204569026,4.0
LA2_1595640537,0,1778962389628,1151.0,19.18,100,1,2,0,KapoMaximo,KapoMaximo,LAS,Graves,JUNGLE,2,1,4,7083,20,4406,131,3838,3,125,128,10,28,369.12051872962246,1.0906378040184306,6.0
LA2_1595640537,0,1778962389628,1151.0,19.18,100,1,3,1,Vanitas,Vanitas,DANTE,Akali,MIDDLE,2,5,5,6338,15,12305,10147,1001,107,0,107,2,113,330.3336188157452,0.8033059756627731,1.4
LA2_1595640537,0,1778962389628,1151.0,19.18,100,1,4,0,Matiroca13,Matiroca13,8501,Mel,BOTTOM,10,0,2,10743,20,19213,17963,1249,167,0,167,26,0,559.846646259138,1.0575295607207074,12.0
LA2_1595640537,0,1778962389628,1151.0,19.18,100,1,5,0,ItOnly,ItOnly,59hz,Senna,UTILITY,2,2,11,6677,40,8840,0,8698,38,0,38,31,37,347.98053016826856,2.1356931056611765,6.5
LA2_1595627981,0,1778959522473,1194.0,19.9,200,0,6,0,fRutasilvestRe,fRutasilvestRe,LAS,Volibear,TOP,3,5,2,7103,19,11537,4011,7526,146,0,146,19,122,356.8324059540927,0.962918658666655,1.0
LA2_1595627981,0,1778959522473,1194.0,19.9,200,0,7,0,ItOnly,ItOnly,59hz,MonkeyKing,JUNGLE,4,7,5,7478,24,13715,1214,9282,7,95,102,22,149,375.6654785845396,1.2236017479349004,1.2857142857142858
LA2_1595627981,0,1778959522473,1194.0,19.9,200,0,8,1,Vanitas,Vanitas,DANTE,Naafiri,MIDDLE,1,6,3,6655,17,9000,317,7425,120,0,120,0,144,334.3186002793332,0.8595066729233131,0.6666666666666666
LA2_1595627981,0,1778959522473,1194.0,19.9,200,0,9,0,Soy Alexis,Soy Alexis,ctmre,MissFortune,BOTTOM,2,5,2,7502,10,9451,680,8421,132,4,136,7,111,376.886028734816,0.5386642820232561,0.8
LA2_1595627981,0,1778959522473,1194.0,19.9,200,0,10,0,fabricio232000,fabricio232000,LAS,Renata,UTILITY,2,7,3,5697,42,8898,6013,953,33,0,33,27,92,286.1863637977579,2.111261780593316,0.7142857142857143
LA2_1595618604,0,1778956537483,1892.0,31.53,100,0,1,0,FLOW SToNe,FLOW SToNe,LAS,Vayne,TOP,6,7,1,11718,19,12855,690,9455,192,4,196,7,229,371.5125320388031,0.6294463864479015,1.0
LA2_1595618604,0,1778956537483,1892.0,31.53,100,0,2,0,Netteshas,Netteshas,LAS,LeeSin,JUNGLE,5,6,11,12561,48,12439,1842,9898,50,174,224,25,162,398.22389966815206,1.5301201153624486,2.6666666666666665
LA2_1595618604,0,1778956537483,1892.0,31.53,100,0,3,1,Vanitas,Vanitas,DANTE,Naafiri,MIDDLE,21,7,8,16755,39,44024,660,40289,181,0,181,5,296,531.1954388301931,1.2391788657371539,4.142857142857143
LA2_1595618604,0,1778956537483,1892.0,31.53,100,0,4,0,ItOnly,ItOnly,59hz,Kaisa,BOTTOM,3,8,12,13900,28,22284,12302,9981,243,0,243,0,251,440.70106403273866,0.9185933462882194,1.875
LA2_1595618604,0,1778956537483,1892.0,31.53,100,0,5,0,Sunii,Sunii,8888,Soraka,UTILITY,1,5,16,8517,90,5282,4904,378,28,0,28,35,175,270.03407209508345,2.870943716613294,3.4
LA2_1595275083,0,1778816257421,2400.0,40.0,200,0,6,0,0style,0style,nun,Warwick,TOP,15,9,12,17193,42,50283,21214,28896,190,9,199,62,342,429.8023056120587,1.0622077014479645,3.0
LA2_1595275083,0,1778816257421,2400.0,40.0,200,0,7,0,KapoMaximo,KapoMaximo,LAS,Shaco,JUNGLE,5,9,4,14745,36,13296,5385,4832,13,247,260,22,326,368.60836633898356,0.9241990757711558,1.0
LA2_1595275083,0,1778816257421,2400.0,40.0,200,0,8,1,Vanitas,Vanitas,DANTE,Naafiri,MIDDLE,8,10,6,16258,50,41816,723,36890,253,8,261,4,395,406.4290138906651,1.2654490544948895,1.4
LA2_1595275083,0,1778816257421,2400.0,40.0,200,0,9,0,Matiroca13,Matiroca13,8501,Velkoz,BOTTOM,18,11,14,20046,16,70353,49180,1078,201,5,206,58,323,501.13880124247373,0.40085267273239394,2.909090909090909
LA2_1595275083,0,1778816257421,2400.0,40.0,200,0,10,0,squirtlesourer1,squirtlesourer1,LAS,Blitzcrank,UTILITY,3,10,25,12077,104,12168,8722,3398,31,0,31,81,308,301.91002262686595,2.6145247834963845,2.8
LA2_1595264393,0,1778814661935,1189.0,19.82,100,1,1,0,SKD KhAThuLu,SKD KhAThuLu,971,Yorick,TOP,7,2,2,9336,5,22941,5747,17193,146,0,146,10,32,470.9458605925001,0.28473485481354527,4.5
LA2_1595264393,0,1778814661935,1189.0,19.82,100,1,2,0,KapoMaximo,KapoMaximo,LAS,FiddleSticks,JUNGLE,4,1,5,7916,26,6780,6256,49,7,141,148,18,16,399.292114140534,1.321377064974874,9.0
LA2_1595264393,0,1778814661935,1189.0,19.82,100,1,3,1,Vanitas,Vanitas,DANTE,Naafiri,MIDDLE,6,6,9,8784,19,15894,592,13342,107,4,111,2,93,443.108363434317,1.0084268685600886,2.5
LA2_1595264393,0,1778814661935,1189.0,19.82,100,1,4,0,SKD ARKINOS,SKD ARKINOS,004,Kaisa,BOTTOM,13,2,5,11619,13,24764,6744,17970,168,11,179,1,36,586.075432752232,0.6889672748105745,9.0
LA2_1595264393,0,1778814661935,1189.0,19.82,100,1,5,0,squirtlesourer1,squirtlesourer1,LAS,Milio,UTILITY,1,3,23,6806,37,5109,3674,1434,12,0,12,20,50,343.3093544406582,1.88855395820703,8.0
LA2_1595251094,0,1778812515967,1628.0,27.13,100,0,1,0,fakercito,fakercito,LAS,Gragas,TOP,6,6,2,10482,14,23567,19331,1967,163,0,163,39,174,386.3345846359513,0.5300371229764685,1.3333333333333333
LA2_1595251094,0,1778812515967,1628.0,27.13,100,0,2,0,KapoMaximo,KapoMaximo,LAS,Elise,JUNGLE,6,6,3,10915,19,12672,10966,485,4,139,143,22,216,402.2882515444246,0.7158554121285373,1.5
LA2_1595251094,0,1778812515967,1628.0,27.13,100,0,3,1,Vanitas,Vanitas,DANTE,Naafiri,MIDDLE,5,11,6,10435,31,25961,523,22325,168,0,168,0,325,384.57589909077916,1.146205327641641,1.0
LA2_1595251094,0,1778812515967,1628.0,27.13,100,0,4,0,ItOnly,ItOnly,59hz,Tristana,BOTTOM,11,12,2,13317,34,28700,1587,26863,188,4,192,4,339,490.7956689681137,1.2776266852186953,1.0833333333333333
LA2_1595251094,0,1778812515967,1628.0,27.13,100,0,5,0,squirtlesourer1,squirtlesourer1,LAS,Thresh,UTILITY,0,8,15,7967,68,9700,8379,1320,24,0,24,53,204,293.6201564457302,2.506538986949766,1.875
LA2_1595211578,0,1778806139630,2246.0,37.43,200,0,6,0,PAPI FACTU,PAPI FACTU,LAS,Tryndamere,TOP,10,9,9,19854,53,42150,0,39777,298,14,312,23,371,530.3032494129866,1.421578983664005,2.111111111111111
LA2_1595211578,0,1778806139630,2246.0,37.43,200,0,7,0,Haythan,Haythan,LAS,Pantheon,JUNGLE,12,7,20,17430,35,43020,2567,35337,34,163,197,38,219,465.5586157218065,0.9451240638380821,4.571428571428571
LA2_1595211578,0,1778806139630,2246.0,37.43,200,0,8,1,Vanitas,Vanitas,DANTE,Naafiri,MIDDLE,5,14,10,13470,55,30871,731,25677,205,4,209,2,541,359.77055406659434,1.4734204765539753,1.0714285714285714
LA2_1595211578,0,1778806139630,2246.0,37.43,200,0,9,0,ItOnly,ItOnly,59hz,Kaisa,BOTTOM,8,13,10,18517,43,31589,19369,11508,221,4,225,3,466,494.57981467534796,1.1667373652885316,1.3846153846153846
LA2_1595211578,0,1778806139630,2246.0,37.43,200,0,10,0,DÍVERGENT,DÍVERGENT,LAS,Brand,UTILITY,6,12,14,11704,81,29536,28524,1011,60,0,60,57,367,312.6120186721262,2.188752587924512,1.6666666666666667
LA2_1595201089,0,1778803660444,1813.0,30.22,100,0,1,0,Talondeaquiles,Talondeaquiles,1234,Ambessa,TOP,6,3,4,12770,33,37542,0,33721,252,0,252,11,146,422.58087425767263,1.1045390529502337,3.3333333333333335
LA2_1595201089,0,1778803660444,1813.0,30.22,100,0,2,0,Eve my main,Eve my main,eve,Evelynn,JUNGLE,6,8,5,12180,13,29903,27959,596,7,158,165,22,254,403.0400655414613,0.437270440003308,1.375
LA2_1595201089,0,1778803660444,1813.0,30.22,100,0,3,1,Vanitas,Vanitas,DANTE,Naafiri,MIDDLE,9,11,4,14293,39,32459,509,28275,198,4,202,2,362,472.955223465861,1.3065925187258007,1.1818181818181819
LA2_1595201089,0,1778803660444,1813.0,30.22,100,0,4,0,ItOnly,ItOnly,59hz,Kaisa,BOTTOM,3,7,4,9864,25,11236,5471,5700,133,0,133,1,198,326.4032134978676,0.8409713326007487,1.0
LA2_1595201089,0,1778803660444,1813.0,30.22,100,0,5,0,Bina,Bina,CFMC,Senna,UTILITY,2,6,11,9259,63,14000,755,13245,62,0,62,45,126,306.4057437174271,2.090030148055876,2.1666666666666665
LA2_1595186337,0,1778800787274,2312.0,38.53,100,0,1,0,Lachi,Lachi,Fio,Gragas,TOP,10,7,12,16623,36,34441,29646,1481,233,8,241,47,278,431.3559670036248,0.9495737997765409,3.142857142857143
LA2_1595186337,0,1778800787274,2312.0,38.53,100,0,2,0,DucksKing,DucksKing,TKOD,Khazix,JUNGLE,23,5,5,22164,70,55760,3016,47704,47,222,269,12,120,575.130393220381,1.8334394956538822,5.6
LA2_1595186337,0,1778800787274,2312.0,38.53,100,0,3,1,Vanitas,Vanitas,DANTE,Naafiri,MIDDLE,7,12,6,15282,50,37531,987,31973,260,0,260,5,431,396.54406165039444,1.3018734585179892,1.0833333333333333
LA2_1595186337,0,1778800787274,2312.0,38.53,100,0,4,0,Matiroca13,Matiroca13,8501,Velkoz,BOTTOM,5,11,8,14014,17,24805,18601,512,217,0,217,26,351,363.6599329314833,0.45379460050833104,1.1818181818181819
LA2_1595186337,0,1778800787274,2312.0,38.53,100,0,5,0,squirtlesourer1,squirtlesourer1,LAS,Seraphine,UTILITY,1,15,18,11346,146,12483,11058,1198,54,0,54,46,476,294.42792634873723,3.806646645779373,1.2666666666666666
LA2_1595178949,0,1778799500895,641.0,10.68,100,1,1,0,ZacMindset,ZacMindset,ZAC,Yorick,TOP,0,0,1,3612,6,4065,1283,2781,84,4,88,2,0,337.80592971019075,0.619726582440643,1.0
LA2_1595178949,0,1778799500895,641.0,10.68,100,1,2,0,Kayle Jenner,Kayle Jenner,4750,Briar,JUNGLE,5,1,0,5176,4,5306,447,4241,4,58,62,12,12,484.1330898187495,0.4525700893266527,5.0
LA2_1595178949,0,1778799500895,641.0,10.68,100,1,3,1,Vanitas,Vanitas,DANTE,Naafiri,MIDDLE,5,1,0,5006,13,6063,230,4966,74,0,74,0,20,468.21536723778905,1.268149177678797,5.0
LA2_1595178949,0,1778799500895,641.0,10.68,100,1,4,0,Matiroca13,Matiroca13,8501,Velkoz,BOTTOM,3,0,5,4515,1,8571,5876,804,71,0,71,11,0,422.2665907234787,0.1502258054285515,8.0
LA2_1595178949,0,1778799500895,641.0,10.68,100,1,5,0,squirtlesourer1,squirtlesourer1,LAS,Seraphine,UTILITY,2,2,6,3639,10,3518,2844,674,13,0,13,14,34,340.41178043293223,0.9415321045256789,4.0
LA2_1595174926,0,1778798588415,508.0,8.47,200,0,6,0,SG Saravix2103,SG Saravix2103,1203,Volibear,TOP,0,2,0,2372,7,3853,1265,2413,45,0,45,8,30,279.752588913327,0.8763758392574572,2.3333333333333335
LA2_1595174926,0,1778798588415,508.0,8.47,200,0,7,0,Gato Juanito,Gato Juanito,XDD,Jax,JUNGLE,0,2,0,2160,3,1153,390,624,1,33,34,2,24,254.6690127997002,0.4686601245474107,2.3333333333333335
LA2_1595174926,0,1778798588415,508.0,8.47,200,0,8,1,Vanitas,Vanitas,DANTE,Vex,MIDDLE,1,3,0,3016,3,4911,3170,1203,54,0,54,11,28,355.6814835768811,0.3623084374126983,0.3333333333333333
LA2_1595174926,0,1778798588415,508.0,8.47,200,0,9,0,Matiroca13,Matiroca13,8501,Ashe,BOTTOM,0,1,0,2734,2,3421,308,3113,69,0,69,9,0,322.4330842986079,0.29868486266832983,2.3333333333333335
LA2_1595174926,0,1778798588415,508.0,8.47,200,0,10,0,squirtlesourer1,squirtlesourer1,LAS,Milio,UTILITY,0,1,0,1882,7,569,531,37,12,0,12,4,14,221.92761193078255,0.830780224903379,2.3333333333333335
LA2_1595166374,0,1778795892346,1535.0,25.58,200,0,8,0,sammael263,sammael263,LAS,Zaahen,,0,6,5,6756,0,7184,343,5355,0,0,0,21,172,264.0760714052539,0.9711911136710675,0.8333333333333334
LA2_1595166374,0,1778795892346,1535.0,25.58,200,0,9,0,Tato7w7,Tato7w7,LAS,Gwen,,1,6,3,6760,0,10764,4628,2517,0,0,0,4,216,264.23242195078694,0.9711911136710675,0.6666666666666666
LA2_1595166374,0,1778795892346,1535.0,25.58,200,0,12,0,squirtlesourer1,squirtlesourer1,LAS,Sett,,4,7,11,9750,0,22544,2666,11720,0,0,0,42,338,381.1044547367119,0.9711911136710675,2.142857142857143
LA2_1595166374,0,1778795892346,1535.0,25.58,200,0,13,1,Vanitas,Vanitas,DANTE,Naafiri,,9,10,4,9766,0,34405,4206,30198,0,0,0,1,439,381.72985691884395,0.9711911136710675,1.3
LA2_1595166374,0,1778795892346,1535.0,25.58,200,0,14,0,Matiroca13,Matiroca13,8501,Zaahen,,4,5,11,9760,0,26310,1081,24968,0,0,0,42,637,381.49533110054443,0.9711911136710675,3.0
LA2_1595166374,0,1778795892346,1535.0,25.58,200,0,15,0,AixaCba,AixaCba,BTS,Mel,,5,7,0,6767,0,11761,10867,893,0,0,0,46,217,264.5060354054697,0.9711911136710675,0.7142857142857143
LA2_1595166374,0,1778795892346,1535.0,25.58,200,0,16,0,IzKuro,IzKuro,LAS,Kindred,,6,6,4,12504,0,23093,2198,20534,0,0,0,5,687,488.7518053361893,0.9711911136710675,1.6666666666666667
LA2_1595166374,0,1778795892346,1535.0,25.58,200,0,17,0,Saul Goodman,Saul Goodman,SOLO,Graves,,2,9,5,10493,0,26327,1669,22855,0,0,0,111,585,410.1465685694685,0.9711911136710675,0.7777777777777778
LA2_1595166374,0,1778795892346,1535.0,25.58,200,0,18,0,cursedtv,cursedtv,22222,Malphite,,2,9,6,12014,0,15399,4795,10297,0,0,0,28,688,469.5988635083956,0.9711911136710675,0.8888888888888888
LA2_1595152674,0,1778792480464,1827.0,30.45,200,0,6,0,Matiroca13,Matiroca13,8501,Sett,TOP,7,13,3,12340,32,26110,0,18240,183,0,183,25,440,405.17462458927804,1.0543512062041749,0.7692307692307693
LA2_1595152674,0,1778792480464,1827.0,30.45,200,0,7,0,Magic572,Magic572,Dou,XinZhao,JUNGLE,2,7,5,10320,24,9081,808,8164,40,134,174,14,164,338.85097939060864,0.8144091598338636,1.0
LA2_1595152674,0,1778792480464,1827.0,30.45,200,0,8,1,Vanitas,Vanitas,DANTE,Naafiri,MIDDLE,6,11,4,11621,26,27529,585,24517,192,0,192,1,387,381.5613914412965,0.8559709144483433,0.9090909090909091
LA2_1595152674,0,1778792480464,1827.0,30.45,200,0,9,0,Gonza joel,Gonza joel,LAS,Ziggs,BOTTOM,3,6,5,11156,42,16442,15883,400,214,0,214,14,202,366.29614633437313,1.4023537895231992,1.3333333333333333
LA2_1595152674,0,1778792480464,1827.0,30.45,200,0,10,0,bauer1891,bauer1891,LAS,Velkoz,UTILITY,10,6,7,12738,49,29636,21993,449,89,0,89,33,147,418.2399240374179,1.6337311670601282,2.8333333333333335
LA2_1595149250,0,1778790675206,1370.0,22.83,100,1,1,0,FullGordofobico,FullGordofobico,0000,Darius,TOP,9,4,4,10516,10,16817,0,12951,167,0,167,18,94,460.34274650624985,0.4378906392894189,3.25
LA2_1595149250,0,1778790675206,1370.0,22.83,100,1,2,0,Mo9gN6,Mo9gN6,LAS,Shyvana,JUNGLE,8,2,6,11058,31,17290,5270,9097,17,162,179,13,58,484.0816246235098,1.4000107146370435,7.0
LA2_1595149250,0,1778790675206,1370.0,22.83,100,1,3,1,Vanitas,Vanitas,DANTE,Naafiri,MIDDLE,8,5,8,10811,23,15940,362,14189,162,0,162,1,141,473.29093012396476,1.04172894210674,3.2
LA2_1595149250,0,1778790675206,1370.0,22.83,100,1,4,0,Matiroca13,Matiroca13,8501,Velkoz,BOTTOM,9,2,7,10904,10,26603,19125,1373,152,0,152,32,64,477.3256899852701,0.46062381584955686,8.0
LA2_1595149250,0,1778790675206,1370.0,22.83,100,1,5,0,CabezaDeMotorv8,CabezaDeMotorv8,LAS,Thresh,UTILITY,1,1,21,7436,38,7233,6325,907,26,0,26,42,10,325.5148738185508,1.6951907517238263,22.0
LA2_1595032961,0,1778729783375,71.0,1.18,200,0,6,1,Vanitas,Vanitas,DANTE,Gwen,TOP,0,0,0,513,0,0,0,0,0,0,0,0,0,429.8107759226106,0.9711911136710675,2.3333333333333335
LA2_1595032961,0,1778729783375,71.0,1.18,200,0,7,0,El ChantaPufy,El ChantaPufy,LAS,Gragas,JUNGLE,0,1,0,513,0,0,0,0,0,0,0,0,0,429.8107759226106,0.9711911136710675,2.3333333333333335
LA2_1595032961,0,1778729783375,71.0,1.18,200,0,8,0,Lady,Lady,DMC03,Akali,MIDDLE,0,0,0,587,0,0,0,0,4,0,4,0,0,491.7796840375606,0.9711911136710675,2.3333333333333335
LA2_1595032961,0,1778729783375,71.0,1.18,200,0,9,0,Idolsprings,Idolsprings,Idols,Yasuo,BOTTOM,0,0,0,513,0,0,0,0,0,0,0,0,0,429.8107759226106,0.9711911136710675,2.3333333333333335
LA2_1595032961,0,1778729783375,71.0,1.18,200,0,10,0,Matokuun,Matokuun,LAS,Braum,UTILITY,0,0,0,515,0,14,0,0,0,0,0,0,0,431.44389586936916,0.9711911136710675,2.3333333333333335
LA2_1595008766,0,1778725811705,1908.0,31.8,200,1,6,0,PREIST56,PREIST56,LAS,Fiora,TOP,3,6,4,12602,25,15601,703,9240,210,0,210,6,143,396.0850484510345,0.8031629494510556,1.1666666666666667
LA2_1595008766,0,1778725811705,1908.0,31.8,200,1,7,0,KapoMaximo,KapoMaximo,LAS,FiddleSticks,JUNGLE,7,3,9,14192,51,17937,15317,180,31,211,242,43,71,446.0772893325197,1.6081073280920024,5.333333333333333
LA2_1595008766,0,1778725811705,1908.0,31.8,200,1,8,1,Vanitas,Vanitas,DANTE,Naafiri,MIDDLE,22,6,9,16424,36,54425,676,49370,191,8,199,7,192,516.2328780921863,1.1510407725686822,5.166666666666667
LA2_1595008766,0,1778725811705,1908.0,31.8,200,1,9,0,SirFaki,SirFaki,FDD,Ezreal,BOTTOM,15,2,5,14776,22,34182,8581,23968,219,4,223,0,49,464.42992822140167,0.7103888317089282,10.0
LA2_1595008766,0,1778725811705,1908.0,31.8,200,1,10,0,squirtlesourer1,squirtlesourer1,LAS,Nautilus,UTILITY,1,8,15,9025,80,11458,7491,3617,38,0,38,82,262,283.6615763480159,2.5280571207726714,2.0
LA2_1594803260,0,1778643710449,2390.0,39.83,200,0,6,0,squirtlesourer1,squirtlesourer1,LAS,Pantheon,TOP,7,9,10,13842,32,33941,1856,26494,166,0,166,33,375,347.41588528695485,0.808558860214025,1.8888888888888888
LA2_1594803260,0,1778643710449,2390.0,39.83,200,0,7,0,Triki,Triki,Troka,Briar,JUNGLE,17,16,4,19700,17,32819,2935,25918,52,187,239,36,607,494.43872689587255,0.4339719529019577,1.3125
LA2_1594803260,0,1778643710449,2390.0,39.83,200,0,8,1,Vanitas,Vanitas,DANTE,Naafiri,MIDDLE,16,13,8,19577,40,48681,778,42203,297,4,301,4,535,491.3676438886727,1.0059603491896316,1.8461538461538463
LA2_1594803260,0,1778643710449,2390.0,39.83,200,0,9,0,Yorichi,Yorichi,0007,Ezreal,BOTTOM,13,7,10,19673,17,46741,17157,27308,287,4,291,4,269,493.7555886231138,0.4389259565302201,3.2857142857142856
LA2_1594803260,0,1778643710449,2390.0,39.83,200,0,10,0,Maxton48,Maxton48,EVO,Karma,UTILITY,0,7,16,11391,69,16259,14476,398,66,1,67,36,239,285.9020191232208,1.7439919520528704,2.2857142857142856
LA2_1594754508,0,1778635987572,1856.0,30.93,100,1,1,0,RickRoyaleXD1,RickRoyaleXD1,LAS,Sett,TOP,5,9,5,12958,26,20769,409,15775,222,2,224,25,301,418.69996623574957,0.8685334175955008,1.1111111111111112
LA2_1594754508,0,1778635987572,1856.0,30.93,100,1,2,0,Maaiden,Maaiden,LAS,Amumu,JUNGLE,12,3,19,15474,32,40090,30327,3697,32,171,203,63,87,499.98787295107394,1.048578814526179,10.333333333333334
LA2_1594754508,0,1778635987572,1856.0,30.93,100,1,3,1,Vanitas,Vanitas,DANTE,Naafiri,MIDDLE,16,11,13,15613,42,41298,660,36333,194,0,194,2,308,504.49948699913466,1.379648654178801,2.6363636363636362
LA2_1594754508,0,1778635987572,1856.0,30.93,100,1,4,0,ezenasus94,ezenasus94,LAS,Caitlyn,BOTTOM,13,6,12,16401,31,45661,1984,41836,223,7,230,21,222,529.9454572317911,1.0189426774216213,4.166666666666667
LA2_1594754508,0,1778635987572,1856.0,30.93,100,1,5,0,squirtlesourer1,squirtlesourer1,LAS,Milio,UTILITY,1,5,34,9788,75,7562,5923,1235,23,0,23,31,167,316.2737056800685,2.4506088602911316,7.0
LA2_1594564645,0,1778557346610,1950.0,32.5,200,0,6,0,squirtlesourer1,squirtlesourer1,LAS,Shen,TOP,3,8,12,9463,28,21830,9354,10784,123,0,123,34,237,291.1596693586406,0.8701522523852647,1.875
LA2_1594564645,0,1778557346610,1950.0,32.5,200,0,7,0,Kayrus,Kayrus,TyG,Rammus,JUNGLE,6,5,12,11315,11,14697,8678,5343,19,148,167,46,181,348.11016789104076,0.3470070988803987,3.6
LA2_1594564645,0,1778557346610,1950.0,32.5,200,0,8,1,Vanitas,Vanitas,DANTE,Naafiri,MIDDLE,13,11,8,14520,17,44107,634,39383,197,0,197,2,345,446.7377197327434,0.526254909435022,1.9090909090909092
LA2_1594564645,0,1778557346610,1950.0,32.5,200,0,9,0,ItOnly,ItOnly,59hz,Jhin,BOTTOM,10,8,5,14669,44,26865,1484,25079,248,4,252,41,240,451.3027031877175,1.369418564486787,1.875
LA2_1594564645,0,1778557346610,1950.0,32.5,200,0,10,0,Maxton48,Maxton48,EVO,Swain,UTILITY,4,8,10,10453,69,21188,18451,1535,48,4,52,60,240,321.6066927173661,2.129245631064986,1.75
LA2_1594550189,0,1778554971651,1823.0,30.38,100,1,1,0,Maxton48,Maxton48,EVO,Camille,TOP,2,9,8,7646,14,14718,1383,9973,89,4,93,24,270,251.66981413709766,0.47995147129058185,1.1111111111111112
LA2_1594550189,0,1778554971651,1823.0,30.38,100,1,2,0,squirtlesourer1,squirtlesourer1,LAS,Shyvana,JUNGLE,10,6,7,13777,28,26421,9202,11699,30,182,212,20,167,453.4412117028098,0.9223113923629357,2.8333333333333335
LA2_1594550189,0,1778554971651,1823.0,30.38,100,1,3,1,Vanitas,Vanitas,DANTE,Naafiri,MIDDLE,11,10,11,14154,23,30951,551,26747,203,0,203,7,315,465.834645481737,0.7803010454834146,2.2
LA2_1594550189,0,1778554971651,1823.0,30.38,100,1,4,0,ItOnly,ItOnly,59hz,Vayne,BOTTOM,24,7,10,19424,25,53681,2659,40648,185,16,201,19,265,639.2869870816158,0.834346867303278,4.857142857142857
LA2_1594550189,0,1778554971651,1823.0,30.38,100,1,5,0,Bujias Hextechs,Bujias Hextechs,LAS,Gragas,UTILITY,4,3,29,11475,94,19537,16804,2726,32,0,32,65,71,377.68147686447577,3.116821799851271,11.0
LA2_1594530599,0,1778552643226,1707.0,28.45,200,1,6,0,Maxton48,Maxton48,EVO,Camille,TOP,8,3,7,12021,21,20060,1528,14860,162,8,170,17,105,422.33542297131004,0.7402472358621218,5.0
LA2_1594530599,0,1778552643226,1707.0,28.45,200,1,7,0,TheTmse,TheTmse,LAS,FiddleSticks,JUNGLE,6,2,9,11187,67,12421,10779,253,24,120,144,31,65,393.053230691093,2.3554669306024416,7.5
LA2_1594530599,0,1778552643226,1707.0,28.45,200,1,8,1,Vanitas,Vanitas,DANTE,Naafiri,MIDDLE,12,3,9,13674,24,29167,410,27627,180,0,180,2,107,480.4250433259427,0.858994240026444,7.0
LA2_1594530599,0,1778552643226,1707.0,28.45,200,1,9,0,The Captain C0CK,The Captain C0CK,14001,Caitlyn,BOTTOM,8,4,6,14475,33,22530,1232,20625,224,4,228,14,73,508.55185481453026,1.167268498539008,3.5
LA2_1594530599,0,1778552643226,1707.0,28.45,200,1,10,0,squirtlesourer1,squirtlesourer1,LAS,Milio,UTILITY,0,6,17,8015,69,3773,3468,305,24,0,24,20,111,281.615988253756,2.4308627771197706,2.8333333333333335
LA2_1594517452,0,1778550475462,1510.0,25.17,100,0,1,0,Maxton48,Maxton48,EVO,Sett,TOP,2,6,3,7699,32,12806,0,9211,120,0,120,20,169,305.81324860870126,1.2787641761466229,0.8333333333333334
LA2_1594517452,0,1778550475462,1510.0,25.17,100,0,2,0,ElGorditoLeyenda,ElGorditoLeyenda,LAS,Volibear,JUNGLE,12,7,1,12289,27,23477,4010,18092,11,141,152,28,194,488.15168485337034,1.0902191991793684,1.8571428571428572
LA2_1594517452,0,1778550475462,1510.0,25.17,100,0,3,1,Vanitas,Vanitas,DANTE,Yone,MIDDLE,8,9,5,11328,32,24564,3338,19444,143,8,151,27,235,449.9522612848341,1.2984997438298578,1.4444444444444444
LA2_1594517452,0,1778550475462,1510.0,25.17,100,0,4,0,KapoMaximo,KapoMaximo,LAS,Lux,BOTTOM,3,5,5,9054,34,10894,9309,1115,160,0,160,32,124,359.6543185496526,1.383275863522029,1.6
LA2_1594517452,0,1778550475462,1510.0,25.17,100,0,5,0,squirtlesourer1,squirtlesourer1,LAS,Morgana,UTILITY,2,4,8,7983,55,10364,9204,1160,60,0,60,57,95,317.0983337962127,2.2106154071522934,2.5
LA2_1594497043,0,1778546957783,2183.0,36.38,100,1,1,0,squirtlesourer1,squirtlesourer1,LAS,Sion,TOP,11,5,23,18694,19,40641,24674,15578,239,12,251,57,175,513.8215198227892,0.538370228563113,6.8
LA2_1594497043,0,1778546957783,2183.0,36.38,100,1,2,0,KapoMaximo,KapoMaximo,LAS,MonkeyKing,JUNGLE,10,7,14,15942,24,29593,4685,20975,20,204,224,23,304,438.17849216003043,0.6723945868921734,3.4285714285714284
LA2_1594497043,0,1778546957783,2183.0,36.38,100,1,3,1,Vanitas,Vanitas,DANTE,Neeko,MIDDLE,8,9,8,15273,47,32286,28284,2063,233,4,237,60,378,419.78140259216076,1.3001627041230328,1.7777777777777777
LA2_1594497043,0,1778546957783,2183.0,36.38,100,1,4,0,Robbery,Robbery,JCW,Twitch,BOTTOM,19,7,7,19941,33,35915,143,32940,209,16,225,12,277,548.0730955773062,0.9095594996476553,3.7142857142857144
LA2_1594497043,0,1778546957783,2183.0,36.38,100,1,5,0,MSX Tokyo,MSX Tokyo,1124,Seraphine,UTILITY,1,10,19,9725,124,9915,8894,970,46,4,50,42,270,267.29847436497016,3.409605753143461,2.0
LA2_1594489185,0,1778545556546,910.0,15.17,100,0,1,0,TwitcHuguitowow,TwitcHuguitowow,LAS,Fiora,TOP,1,4,0,4129,8,5604,623,3618,69,12,81,5,81,272.0019799261776,0.5448870367443424,0.25
LA2_1594489185,0,1778545556546,910.0,15.17,100,0,2,0,KapoMaximo,KapoMaximo,LAS,Kayn,JUNGLE,2,6,2,5036,7,5915,20,5784,6,68,74,10,107,331.74569249868887,0.4638414381526977,0.6666666666666666
LA2_1594489185,0,1778545556546,910.0,15.17,100,0,3,1,Vanitas,Vanitas,DANTE,Neeko,MIDDLE,1,6,0,4880,12,7627,6089,983,79,0,79,23,104,321.480081939806,0.8308618281599278,0.16666666666666666
LA2_1594489185,0,1778545556546,910.0,15.17,100,0,4,0,Mikasa Ackerman,Mikasa Ackerman,2020,Vayne,BOTTOM,0,5,1,4068,10,3679,80,3149,80,0,80,4,84,268.0298205469236,0.691178912160558,0.2
LA2_1594489185,0,1778545556546,910.0,15.17,100,0,5,0,squirtlesourer1,squirtlesourer1,LAS,Milio,UTILITY,0,5,2,3610,23,2132,1686,446,15,0,15,12,84,237.83208794430638,1.5562092276110722,0.4
LA2_1594479161,0,1778543742159,1490.0,24.83,100,1,1,0,pq sigo a mike,pq sigo a mike,LAS,Vayne,TOP,8,2,4,10336,7,14190,25,11934,159,0,159,6,51,416.0354454104621,0.30187582524266393,6.0
LA2_1594479161,0,1778543742159,1490.0,24.83,100,1,2,0,KapoMaximo,KapoMaximo,LAS,Kayn,JUNGLE,9,1,9,12579,18,21075,267,19489,26,172,198,21,12,506.30887480051257,0.7591913029809804,18.0
LA2_1594479161,0,1778543742159,1490.0,24.83,100,1,3,1,Vanitas,Vanitas,DANTE,Neeko,MIDDLE,5,2,4,11024,27,17571,14593,2198,197,0,197,34,45,443.751719144892,1.120044150626649,4.5
LA2_1594479161,0,1778543742159,1490.0,24.83,100,1,4,0,Mikasa Ackerman,Mikasa Ackerman,2020,Kaisa,BOTTOM,8,1,2,12535,18,16015,8126,7889,229,4,233,0,33,504.55136558241105,0.7577980736414764,10.0
LA2_1594479161,0,1778543742159,1490.0,24.83,100,1,5,0,squirtlesourer1,squirtlesourer1,LAS,Milio,UTILITY,0,0,13,7226,61,4814,4330,483,30,0,30,24,0,290.8735732969061,2.4630915925926002,13.0
LA2_1594071888,0,1778390363008,2229.0,37.15,100,0,1,0,Nyprex,Nyprex,3080,Rumble,TOP,3,12,9,11474,28,22016,20573,1168,219,4,223,16,366,308.75025614420514,0.7636232545112702,1.0
LA2_1594071888,0,1778390363008,2229.0,37.15,100,0,2,0,CRIZZ,CRIZZ,ykz,Aatrox,JUNGLE,5,7,9,16512,42,18403,1255,16243,80,191,271,13,268,444.3365973876232,1.1440465512487266,2.0
LA2_1594071888,0,1778390363008,2229.0,37.15,100,0,3,1,Vanitas,Vanitas,DANTE,Vex,MIDDLE,9,12,4,13735,37,37667,33810,1453,239,0,239,42,485,369.5870202666855,1.0217575768369487,1.0833333333333333
LA2_1594071888,0,1778390363008,2229.0,37.15,100,0,4,0,Matiroca13,Matiroca13,8501,Ashe,BOTTOM,22,13,10,22121,22,57524,4317,52724,286,4,290,60,563,595.2660474470803,0.6047363571689182,2.4615384615384617
LA2_1594071888,0,1778390363008,2229.0,37.15,100,0,5,0,squirtlesourer1,squirtlesourer1,LAS,Seraphine,UTILITY,4,10,28,13133,122,20466,18569,1292,37,4,41,63,317,353.3886770637457,3.291417583497873,3.2
LA2_1594060809,0,1778387965807,1175.0,19.58,100,1,1,0,squirtlesourer1,squirtlesourer1,LAS,Illaoi,TOP,9,1,1,9509,15,15847,687,14459,136,0,136,2,12,485.26299073597056,0.8129457083712166,10.0
LA2_1594060809,0,1778387965807,1175.0,19.58,100,1,2,0,Zepix12,Zepix12,LAS,Teemo,JUNGLE,3,4,7,8221,26,8198,5411,2465,15,131,146,24,57,419.5376310381718,1.3345571777404606,2.5
LA2_1594060809,0,1778387965807,1175.0,19.58,100,1,3,1,Vanitas,Vanitas,DANTE,Neeko,MIDDLE,5,3,0,7907,23,10763,8772,1161,136,0,136,19,93,403.5434975509541,1.1826324803713626,1.6666666666666667
LA2_1594060809,0,1778387965807,1175.0,19.58,100,1,4,0,Matiroca13,Matiroca13,8501,Ashe,BOTTOM,6,9,9,8464,3,17367,696,16671,126,0,126,43,153,431.9586144662927,0.17856468706684528,1.6666666666666667
LA2_1594060809,0,1778387965807,1175.0,19.58,100,1,5,0,KapoMaximo,KapoMaximo,LAS,Seraphine,UTILITY,3,6,12,6777,23,13525,10741,2784,25,0,25,25,130,345.8351132932762,1.2146645709279473,2.5
LA2_1594043900,0,1778385530506,2007.0,33.45,200,0,6,0,squirtlesourer1,squirtlesourer1,LAS,Urgot,TOP,12,8,1,15422,31,34169,0,30912,196,0,196,50,377,460.92929963437916,0.9425927089548956,1.625
LA2_1594043900,0,1778385530506,2007.0,33.45,200,0,7,0,PandoraBinir,PandoraBinir,LAS,Kayn,JUNGLE,8,10,7,14200,27,21673,2853,17770,29,151,180,5,316,424.39314713405145,0.8185436641953844,1.5
LA2_1594043900,0,1778385530506,2007.0,33.45,200,0,8,1,Vanitas,Vanitas,DANTE,Neeko,MIDDLE,11,14,1,15410,28,25709,23662,771,210,0,210,36,527,460.5602396290377,0.8544529432311974,0.8571428571428571
LA2_1594043900,0,1778385530506,2007.0,33.45,200,0,9,0,Matiroca13,Matiroca13,8501,Caitlyn,BOTTOM,8,16,5,14804,11,24723,785,23920,241,0,241,20,480,442.4726219010586,0.34346119313363144,0.8125
LA2_1594043900,0,1778385530506,2007.0,33.45,200,0,10,0,KapoMaximo,KapoMaximo,LAS,Morgana,UTILITY,3,17,11,10733,46,21915,20162,1079,45,0,45,68,465,320.7834251077899,1.3775063915636483,0.8235294117647058
LA2_1594034877,0,1778383975554,1305.0,21.75,100,0,1,0,squirtlesourer1,squirtlesourer1,LAS,Darius,TOP,0,10,0,5524,14,4681,0,4681,117,0,117,13,272,253.86460739697375,0.6667374164351391,2.3333333333333335
LA2_1594034877,0,1778383975554,1305.0,21.75,100,0,2,0,MatiasUwU,MatiasUwU,LAS,Naafiri,JUNGLE,1,6,5,7564,21,13190,143,11432,13,120,133,9,153,347.6102692812889,0.9683508047386727,1.0
LA2_1594034877,0,1778383975554,1305.0,21.75,100,0,3,1,Vanitas,Vanitas,DANTE,Neeko,MIDDLE,0,8,4,6368,12,13908,12611,511,123,0,123,31,218,292.6472233663927,0.5791421658259627,0.5
LA2_1594034877,0,1778383975554,1305.0,21.75,100,0,4,0,Matiroca13,Matiroca13,8501,Vayne,BOTTOM,9,9,2,10325,13,13164,88,11999,131,0,131,5,200,474.46091358188824,0.6075956777974519,1.2222222222222223
LA2_1594034877,0,1778383975554,1305.0,21.75,100,0,5,0,KapoMaximo,KapoMaximo,LAS,Rell,UTILITY,4,7,7,7623,28,9153,5947,2843,25,0,25,36,131,350.32965399989354,1.2915504545839733,1.5714285714285714
LA2_1594024284,0,1778382046885,1489.0,24.82,100,1,1,0,squirtlesourer1,squirtlesourer1,LAS,Shen,TOP,6,2,12,9317,16,13774,5846,6847,103,6,109,28,48,375.38575038970015,0.6725966337362081,9.0
LA2_1594024284,0,1778382046885,1489.0,24.82,100,1,2,0,KapoMaximo,KapoMaximo,LAS,MonkeyKing,JUNGLE,8,3,14,11016,20,15948,2032,12312,6,144,150,11,54,443.8268436317947,0.8367158851049115,7.333333333333333
LA2_1594024284,0,1778382046885,1489.0,24.82,100,1,3,1,Vanitas,Vanitas,DANTE,Neeko,MIDDLE,7,7,11,11133,22,25878,23175,1472,153,4,157,45,134,448.53121718870125,0.9001744826878895,2.5714285714285716
LA2_1594024284,0,1778382046885,1489.0,24.82,100,1,4,0,hello mamma,hello mamma,1410,Yasuo,BOTTOM,19,6,9,15968,9,40415,3264,36781,196,8,204,36,187,643.3354178684522,0.3968412456261798,4.666666666666667
LA2_1594024284,0,1778382046885,1489.0,24.82,100,1,5,0,like the wind,like the wind,rene,Seraphine,UTILITY,6,2,25,10585,65,19761,17674,2066,32,4,36,41,53,426.46459948776874,2.6293271553599546,15.5
LA2_1594008119,0,1778379365702,1562.0,26.03,100,0,1,0,squirtlesourer1,squirtlesourer1,LAS,Mordekaiser,TOP,7,11,0,9906,15,17678,14324,2243,156,0,156,2,252,380.5377546661104,0.6095715011124456,0.6363636363636364
LA2_1594008119,0,1778379365702,1562.0,26.03,100,0,2,0,KapoMaximo,KapoMaximo,LAS,Zac,JUNGLE,1,4,4,7753,18,8746,7387,1111,11,122,133,27,99,297.83144618465707,0.7239696832864939,1.25
LA2_1594008119,0,1778379365702,1562.0,26.03,100,0,3,1,Vanitas,Vanitas,DANTE,Neeko,MIDDLE,6,7,3,9533,16,15290,13535,937,173,0,173,32,201,366.19105736764465,0.6325260127075578,1.2857142857142858
LA2_1594008119,0,1778379365702,1562.0,26.03,100,0,4,0,Viego Mortensen,Viego Mortensen,VLLC,Ashe,BOTTOM,5,7,14,11710,13,14451,610,13796,176,0,176,32,202,449.81780692733133,0.5034624094587444,2.7142857142857144
LA2_1594008119,0,1778379365702,1562.0,26.03,100,0,5,0,Ruler,Ruler,evo,TahmKench,UTILITY,10,5,8,9425,36,22249,15242,6077,41,0,41,47,146,362.06111349636365,1.383782490225341,3.6
LA2_1593752172,0,1778295420291,1137.0,18.95,200,0,6,0,Maxton48,Maxton48,EVO,Ambessa,TOP,0,7,2,5216,18,6666,357,5662,95,0,95,5,143,275.2425993075376,0.9804269278645537,0.2857142857142857
LA2_1593752172,0,1778295420291,1137.0,18.95,200,0,7,0,KapoMaximo,KapoMaximo,LAS,MonkeyKing,JUNGLE,5,4,2,8590,21,9840,1225,7510,3,127,130,9,100,453.2554131936029,1.1604691368027662,1.75
LA2_1593752172,0,1778295420291,1137.0,18.95,200,0,8,1,Vanitas,Vanitas,DANTE,Neeko,MIDDLE,4,6,2,7502,13,9706,8137,1058,129,0,129,20,122,395.86194019895174,0.7036772047816885,1.0
LA2_1593752172,0,1778295420291,1137.0,18.95,200,0,9,0,ItOnly,ItOnly,59hz,Kaisa,BOTTOM,4,6,2,7571,20,12439,5133,7306,119,0,119,0,83,399.4929015251431,1.0659063780144082,1.0
LA2_1593752172,0,1778295420291,1137.0,18.95,200,0,10,0,squirtlesourer1,squirtlesourer1,LAS,Nautilus,UTILITY,1,6,4,5250,32,6640,4110,2529,25,0,25,50,85,277.02724186659145,1.7197099698787799,0.8333333333333334
LA2_1593740004,0,1778293424215,1597.0,26.62,100,0,1,0,Maxton48,Maxton48,EVO,Mordekaiser,TOP,3,9,2,7932,11,16872,13577,3250,124,4,128,6,287,297.9171059694693,0.42676099907702186,0.5555555555555556
LA2_1593740004,0,1778293424215,1597.0,26.62,100,0,2,0,KapoMaximo,KapoMaximo,LAS,LeeSin,JUNGLE,13,5,6,12729,24,23590,2590,19528,20,142,162,26,128,478.0808421876122,0.9124067484878959,3.8
LA2_1593740004,0,1778293424215,1597.0,26.62,100,0,3,1,Vanitas,Vanitas,DANTE,Neeko,MIDDLE,4,8,8,9148,31,13787,11243,1680,145,0,145,30,194,343.59863247895544,1.1666181823932396,1.5
LA2_1593740004,0,1778293424215,1597.0,26.62,100,0,4,0,ItOnly,ItOnly,59hz,Ashe,BOTTOM,5,6,7,11416,29,21328,1880,19448,223,3,226,51,140,428.7729518060299,1.097106256783082,2.0
LA2_1593740004,0,1778293424215,1597.0,26.62,100,0,5,0,squirtlesourer1,squirtlesourer1,LAS,Milio,UTILITY,0,6,13,7006,72,6374,5360,1014,23,0,23,34,147,263.14357239696096,2.7202585851730374,2.1666666666666665
LA2_1593728240,0,1778291618933,1228.0,20.47,100,0,1,0,Maxton48,Maxton48,EVO,Sett,TOP,1,7,5,5778,16,10229,555,9334,98,0,98,12,188,282.2939882393226,0.8227963443640275,0.8571428571428571
LA2_1593728240,0,1778291618933,1228.0,20.47,100,0,2,0,KapoMaximo,KapoMaximo,LAS,Shaco,JUNGLE,6,6,4,8300,22,11833,3395,6705,10,111,121,16,117,405.4733121698881,1.1221512303787855,1.6666666666666667
LA2_1593728240,0,1778291618933,1228.0,20.47,100,0,3,1,Vanitas,Vanitas,DANTE,Akali,MIDDLE,9,8,2,9088,16,20729,17601,1731,107,0,107,4,203,443.9729051615591,0.7902580331232761,1.375
LA2_1593728240,0,1778291618933,1228.0,20.47,100,0,4,0,ItOnly,ItOnly,59hz,Kaisa,BOTTOM,3,7,4,8434,21,11966,4537,7429,150,4,154,0,197,412.05858557212366,1.0725514801910638,1.0
LA2_1593728240,0,1778291618933,1228.0,20.47,100,0,5,0,squirtlesourer1,squirtlesourer1,LAS,Milio,UTILITY,1,7,12,6102,34,4534,3864,669,13,0,13,29,128,298.09820073347913,1.707965317073632,1.8571428571428572
LA2_1593702459,0,1778286933210,1581.0,26.35,200,0,6,0,Maxton48,Maxton48,EVO,Gwen,TOP,1,9,1,6544,18,8206,5143,1833,90,0,90,6,222,248.24381611679811,0.7172499363880257,0.2222222222222222
LA2_1593702459,0,1778286933210,1581.0,26.35,200,0,7,0,ItOnly,ItOnly,59hz,Shyvana,JUNGLE,1,8,4,9361,28,12921,5336,5471,35,134,169,11,225,355.0782530258174,1.0817235540934518,0.625
LA2_1593702459,0,1778286933210,1581.0,26.35,200,0,8,1,Vanitas,Vanitas,DANTE,Lux,MIDDLE,8,9,2,12196,22,20961,18755,1538,176,0,176,32,290,462.5939831795015,0.856528175664873,1.1111111111111112
LA2_1593702459,0,1778286933210,1581.0,26.35,200,0,9,0,Matiroca13,Matiroca13,8501,Caitlyn,BOTTOM,6,10,3,10921,29,30359,1475,28705,184,0,184,33,266,414.24129391226984,1.1180271330819729,0.9
LA2_1593702459,0,1778286933210,1581.0,26.35,200,0,10,0,squirtlesourer1,squirtlesourer1,LAS,Lulu,UTILITY,0,12,6,6788,64,6202,4912,1289,22,0,22,31,276,257.4951587019611,2.4484276929260202,0.5
LA2_1593676920,0,1778281562667,2488.0,41.47,100,1,1,0,Kreiler,Kreiler,LAS,Quinn,TOP,13,13,14,21622,46,41581,284,35803,306,24,330,34,555,521.3205077795677,1.1150456097631096,2.076923076923077
LA2_1593676920,0,1778281562667,2488.0,41.47,100,1,2,0,KapoMaximo,KapoMaximo,LAS,JarvanIV,JUNGLE,11,8,19,19890,45,33163,3795,26041,6,257,263,44,287,479.5555195974055,1.0933287149898705,3.75
LA2_1593676920,0,1778281562667,2488.0,41.47,100,1,3,1,Vanitas,Vanitas,DANTE,Vex,MIDDLE,8,15,15,15329,37,39367,36217,1574,239,0,239,38,549,369.5833828122144,0.8998470540385028,1.5333333333333334
LA2_1593676920,0,1778281562667,2488.0,41.47,100,1,4,0,ItOnly,ItOnly,59hz,Smolder,BOTTOM,16,13,16,22806,36,55104,7170,41537,268,23,291,15,431,549.8484171688407,0.8769276352033815,2.4615384615384617
LA2_1593676920,0,1778281562667,2488.0,41.47,100,1,5,0,squirtlesourer1,squirtlesourer1,LAS,Lux,UTILITY,6,14,23,13170,96,29835,27342,1353,75,0,75,54,480,317.5488350948417,2.33772002015899,2.0714285714285716
LA2_1593448900,0,1778197345658,1938.0,32.3,200,1,6,0,Maurizziio,Maurizziio,LAS,Gangplank,TOP,5,8,14,13824,29,40748,8383,25240,197,8,205,20,332,427.8926309478698,0.9058851641155964,2.375
LA2_1593448900,0,1778197345658,1938.0,32.3,200,1,7,0,Scoche,Scoche,NAJA,Jax,JUNGLE,11,4,10,16586,22,30121,12529,17079,49,193,242,23,103,513.3901866504926,0.6823061914915325,5.25
LA2_1593448900,0,1778197345658,1938.0,32.3,200,1,8,1,Vanitas,Vanitas,DANTE,Zoe,MIDDLE,3,11,14,10531,22,27266,21306,1866,164,0,164,39,294,325.96666278304195,0.7092196149549825,1.5454545454545454
LA2_1593448900,0,1778197345658,1938.0,32.3,200,1,9,0,Matiroca13,Matiroca13,8501,Tristana,BOTTOM,23,5,9,22547,25,59431,2716,55040,246,16,262,12,178,697.9009130169998,0.7820517256898811,6.4
LA2_1593448900,0,1778197345658,1938.0,32.3,200,1,10,0,KapoMaximo,KapoMaximo,LAS,Leona,UTILITY,0,4,29,10411,40,8819,6570,2249,23,0,23,45,91,322.2495407122282,1.2635796881339918,7.25
LA2_1593425364,0,1778193438748,1663.0,27.72,200,0,6,1,Vanitas,Vanitas,DANTE,Vex,TOP,3,9,8,10797,14,18330,16235,1385,211,0,211,24,309,389.39519707516723,0.5277224383273545,1.2222222222222223
LA2_1593425364,0,1778193438748,1663.0,27.72,200,0,7,0,KapoMaximo,KapoMaximo,LAS,Nidalee,JUNGLE,9,11,4,10872,35,14852,12498,977,9,104,113,5,323,392.08632745091046,1.2657464597754025,1.1818181818181819
LA2_1593425364,0,1778193438748,1663.0,27.72,200,0,8,0,KEENIVEL,KEENIVEL,1111,Yasuo,MIDDLE,4,6,2,12251,16,20242,1766,17300,270,8,278,11,217,441.8427973497345,0.594799316756688,1.0
LA2_1593425364,0,1778193438748,1663.0,27.72,200,0,9,0,Matiroca13,Matiroca13,8501,FiddleSticks,BOTTOM,6,10,4,13895,21,20508,19735,429,174,0,174,51,242,501.11285370106435,0.7702378565114106,1.0
LA2_1593425364,0,1778193438748,1663.0,27.72,200,0,10,0,squirtlesourer1,squirtlesourer1,LAS,Pantheon,UTILITY,2,11,11,8512,73,15510,421,14558,43,0,43,23,232,306.9907662875576,2.6553103308554284,1.1818181818181819
LA2_1593265609,0,1778121957945,3050.0,50.83,200,0,6,0,Matiroca13,Matiroca13,8501,Vayne,TOP,13,10,7,22557,43,59991,963,41373,327,8,335,14,496,443.71529782239674,0.8493293402811709,2.0
LA2_1593265609,0,1778121957945,3050.0,50.83,200,0,7,0,KapoMaximo,KapoMaximo,LAS,Warwick,JUNGLE,10,12,16,22546,39,36337,16653,17981,60,265,325,46,478,443.50257219978016,0.7813050956739844,2.1666666666666665
LA2_1593265609,0,1778121957945,3050.0,50.83,200,0,8,1,Vanitas,Vanitas,DANTE,Vex,MIDDLE,12,18,15,22494,46,56178,51066,2630,342,4,346,53,822,442.4855462503662,0.9233753021480205,1.5
LA2_1593265609,0,1778121957945,3050.0,50.83,200,0,9,0,ItOnly,ItOnly,59hz,Kaisa,BOTTOM,19,11,11,29889,90,78032,54403,19666,352,42,394,4,405,587.9315137634399,1.7718980699827849,2.727272727272727
LA2_1593265609,0,1778121957945,3050.0,50.83,200,0,10,0,squirtlesourer1,squirtlesourer1,LAS,Nautilus,UTILITY,3,13,23,14454,132,16474,12179,3586,47,0,47,106,598,284.323642436182,2.597517451951725,2.0
LA2_1593252388,0,1778120019717,1547.0,25.78,200,1,6,0,Matiroca13,Matiroca13,8501,Darius,TOP,10,7,10,12707,27,24972,0,18842,202,0,202,18,159,492.85791107188817,1.0517866271489982,2.857142857142857
LA2_1593252388,0,1778120019717,1547.0,25.78,200,1,7,0,KapoMaximo,KapoMaximo,LAS,Shyvana,JUNGLE,13,4,20,14619,23,37629,11433,20919,24,182,206,24,91,566.9980168549241,0.914291868620132,8.25
LA2_1593252388,0,1778120019717,1547.0,25.78,200,1,8,1,Vanitas,Vanitas,DANTE,Vex,MIDDLE,11,7,12,12094,24,28069,24526,2552,182,2,184,36,203,469.0590425590242,0.9477789028683634,3.2857142857142856
LA2_1593252388,0,1778120019717,1547.0,25.78,200,1,9,0,ItOnly,ItOnly,59hz,Kaisa,BOTTOM,16,5,18,17414,34,38404,22597,15402,190,20,210,7,113,675.4131276590928,1.3207139542586597,6.8
LA2_1593252388,0,1778120019717,1547.0,25.78,200,1,10,0,squirtlesourer1,squirtlesourer1,LAS,Nautilus,UTILITY,3,3,36,9504,54,12912,8025,4809,25,0,25,95,81,368.609536018067,2.102556256282059,13.0
LA2_1593237021,0,1778117254209,2165.0,36.08,100,0,1,0,Matiroca13,Matiroca13,8501,Darius,TOP,10,12,2,18254,32,48258,916,30804,261,0,261,37,501,505.73116660813344,0.9121322217946295,1.0
LA2_1593237021,0,1778117254209,2165.0,36.08,100,0,2,0,KapoMaximo,KapoMaximo,LAS,Ivern,JUNGLE,4,7,13,15321,31,13038,6774,2912,4,210,214,62,196,424.48347095912226,0.8748631871561501,2.4285714285714284
LA2_1593237021,0,1778117254209,2165.0,36.08,100,0,3,1,Vanitas,Vanitas,DANTE,Vex,MIDDLE,1,12,12,11830,35,34002,30171,1808,224,0,224,60,446,327.7527060597341,0.9864792160518765,1.0833333333333333
LA2_1593237021,0,1778117254209,2165.0,36.08,100,0,4,0,ItOnly,ItOnly,59hz,Kaisa,BOTTOM,13,9,2,19256,44,48071,28454,17650,277,2,279,5,344,533.4852968270844,1.2224865623432353,1.6666666666666667
LA2_1593237021,0,1778117254209,2165.0,36.08,100,0,5,0,squirtlesourer1,squirtlesourer1,LAS,Milio,UTILITY,0,11,16,9680,95,8501,7443,659,25,0,25,47,344,268.1973346662669,2.6593732469705555,1.4545454545454546
LA2_1593212763,0,1778113296750,2444.0,40.73,100,0,1,0,DiegoCLR,DiegoCLR,LAS,Gangplank,TOP,3,8,11,16568,29,25599,7521,13722,267,4,271,10,362,406.60172711424525,0.7195219382232114,1.75
LA2_1593212763,0,1778113296750,2444.0,40.73,100,0,2,0,KapoMaximo,KapoMaximo,LAS,Talon,JUNGLE,22,14,5,21274,46,46722,0,43359,29,206,235,13,618,522.0680120964279,1.1408261778354316,1.9285714285714286
LA2_1593212763,0,1778113296750,2444.0,40.73,100,0,3,1,Vanitas,Vanitas,DANTE,Vex,MIDDLE,26,12,9,22454,65,73220,67353,2529,282,2,284,61,504,551.0278069140314,1.6133453888246587,2.9166666666666665
LA2_1593212763,0,1778113296750,2444.0,40.73,100,0,4,0,ItOnly,ItOnly,59hz,Ziggs,BOTTOM,3,17,13,14999,28,37415,35841,700,262,0,262,16,568,368.0930825511311,0.6982256355258258,0.9411764705882353
LA2_1593212763,0,1778113296750,2444.0,40.73,100,0,5,0,squirtlesourer1,squirtlesourer1,LAS,Thresh,UTILITY,2,13,24,11982,89,11900,10374,1403,39,0,39,48,367,294.0430829480552,2.1987853772664847,2.0
LA2_1593190074,0,1778108245061,2220.0,37.0,200,1,6,0,Fierrito Junior,Fierrito Junior,LAS,Ambessa,TOP,4,5,11,12488,33,39833,238,35699,204,0,204,17,163,337.4076658547077,0.9024202867358426,3.0
LA2_1593190074,0,1778108245061,2220.0,37.0,200,1,7,0,Noobmasterr456,Noobmasterr456,LAS,Viego,JUNGLE,21,6,1,21053,59,38008,3061,33475,59,226,285,27,259,568.8279851201005,1.6119796684683503,3.6666666666666665
LA2_1593190074,0,1778108245061,2220.0,37.0,200,1,8,1,Vanitas,Vanitas,DANTE,Akali,MIDDLE,6,9,9,14292,42,17786,14695,1836,246,4,250,2,299,386.15137068960985,1.1423491615411727,1.6666666666666667
LA2_1593190074,0,1778108245061,2220.0,37.0,200,1,9,0,Matiroca13,Matiroca13,8501,Caitlyn,BOTTOM,15,12,8,19046,11,73910,3798,69619,267,6,273,35,342,514.5943782042621,0.31733341146232136,1.9166666666666667
LA2_1593190074,0,1778108245061,2220.0,37.0,200,1,10,0,squirtlesourer1,squirtlesourer1,LAS,Milio,UTILITY,0,8,26,11366,93,7992,6876,1116,27,0,27,37,284,307.087298180379,2.5224850135199697,3.25
LA2_1591565984,0,1777586339237,1658.0,27.63,200,1,6,0,KapoMaximo,KapoMaximo,LAS,Kennen,TOP,8,5,8,10856,20,27245,22503,3351,130,4,134,34,164,392.8324096261395,0.748852333430027,3.2
LA2_1591565984,0,1777586339237,1658.0,27.63,200,1,7,0,Kuroii Blade,Kuroii Blade,LAS,Briar,JUNGLE,12,3,5,14255,16,21347,1646,17052,17,174,191,26,86,515.8144731580252,0.5850389121057286,5.666666666666667
LA2_1591565984,0,1777586339237,1658.0,27.63,200,1,8,1,Vanitas,Vanitas,DANTE,Pantheon,MIDDLE,7,7,8,12320,7,23764,884,21222,164,0,164,23,196,445.8054176092463,0.28319485770485076,2.142857142857143
LA2_1591565984,0,1777586339237,1658.0,27.63,200,1,9,0,Matiroca13,Matiroca13,8501,Smolder,BOTTOM,12,6,11,16168,22,52688,9755,37568,236,4,240,15,138,585.0366429053801,0.8297970839626986,3.8333333333333335
LA2_1591565984,0,1777586339237,1658.0,27.63,200,1,10,0,squirtlesourer1,squirtlesourer1,LAS,Milio,UTILITY,1,3,25,9898,69,6206,5084,1122,18,0,18,24,88,358.1496820670075,2.5242460450143813,8.666666666666666
LA2_1591560988,0,1777584942593,938.0,15.63,100,1,1,0,ALDUINN,ALDUINN,ALDUU,Jax,TOP,1,4,1,5214,18,10431,4400,5815,99,4,103,14,53,333.4510962358068,1.201182057650426,0.5
LA2_1591560988,0,1777584942593,938.0,15.63,100,1,2,0,KapoMaximo,KapoMaximo,LAS,MasterYi,JUNGLE,4,0,2,6957,20,4148,0,3166,6,112,118,2,0,444.9020468908801,1.2848875068877632,6.0
LA2_1591560988,0,1777584942593,938.0,15.63,100,1,3,1,Vanitas,Vanitas,DANTE,Vex,MIDDLE,7,5,0,7021,13,10799,9530,1269,111,0,111,20,122,449.0232391851343,0.8932690815853676,1.4
LA2_1591560988,0,1777584942593,938.0,15.63,100,1,4,0,Matiroca13,Matiroca13,8501,Varus,BOTTOM,5,5,8,7557,7,14588,2804,11783,117,0,117,18,99,483.2759996725365,0.4789170392664374,2.6
LA2_1591560988,0,1777584942593,938.0,15.63,100,1,5,0,squirtlesourer1,squirtlesourer1,LAS,Nautilus,UTILITY,4,4,9,5748,28,7446,4775,2170,24,0,24,46,79,367.62741981096514,1.8202175189921213,3.25
LA2_1591541687,0,1777578904508,1689.0,28.15,100,0,1,0,riquelmegg,riquelmegg,ENF,Renekton,TOP,0,11,1,6992,13,10628,2001,6854,130,0,130,15,317,248.31708392856947,0.483906668790855,0.09090909090909091
LA2_1591541687,0,1777578904508,1689.0,28.15,100,0,2,0,KilleMen,KilleMen,007,Briar,JUNGLE,13,5,5,16548,37,33099,3958,24735,23,181,204,36,143,587.7225026385923,1.3218665660570645,3.6
LA2_1591541687,0,1777578904508,1689.0,28.15,100,0,3,1,Vanitas,Vanitas,DANTE,Vex,MIDDLE,1,7,5,9158,27,20189,17536,1223,192,0,192,27,226,325.2513298047975,0.9651304372340168,0.8571428571428571
LA2_1591541687,0,1777578904508,1689.0,28.15,100,0,4,0,Matiroca13,Matiroca13,8501,Caitlyn,BOTTOM,7,10,10,13887,13,30197,836,29091,218,0,218,21,306,493.20291666668516,0.4741468711175608,1.7
LA2_1591541687,0,1777578904508,1689.0,28.15,100,0,5,0,KapoMaximo,KapoMaximo,LAS,Pyke,UTILITY,7,8,11,10777,49,14984,0,10965,25,0,25,36,216,382.737055957777,1.7541625761294388,2.25
LA2_1591409387,0,1777516466380,1334.0,22.23,200,0,6,0,Hogaso009,Hogaso009,6767,Gwen,TOP,6,4,0,10088,11,22232,15227,3137,164,0,164,6,126,453.62041342455416,0.5091107570317992,1.5
LA2_1591409387,0,1777516466380,1334.0,22.23,200,0,7,0,KapoMaximo,KapoMaximo,LAS,Elise,JUNGLE,4,7,0,8275,17,6861,5721,459,5,112,117,13,195,372.09014025195177,0.7945754846041501,0.5714285714285714
LA2_1591409387,0,1777516466380,1334.0,22.23,200,0,8,1,Vanitas,Vanitas,DANTE,Vex,MIDDLE,1,9,1,7627,32,7238,6217,446,153,0,153,18,199,342.9683935855608,1.4449249072284012,0.2222222222222222
LA2_1591409387,0,1777516466380,1334.0,22.23,200,0,9,0,ItOnly,ItOnly,59hz,Kaisa,BOTTOM,4,10,0,8856,30,11884,3897,7987,166,0,166,0,231,398.2256400869604,1.3880132200504425,0.4
LA2_1591409387,0,1777516466380,1334.0,22.23,200,0,10,0,squirtlesourer1,squirtlesourer1,LAS,Nautilus,UTILITY,0,5,8,6393,63,6762,4803,1959,27,0,27,46,121,287.48371405476547,2.8527974715786235,1.6
LA2_1591401217,0,1777515147745,918.0,15.3,200,0,6,0,lofe,lofe,2478,Mordekaiser,TOP,3,4,0,5703,14,8371,6277,1573,93,0,93,2,79,372.55660644324513,0.9426112627843986,0.75
LA2_1591401217,0,1777515147745,918.0,15.3,200,0,7,0,KapoMaximo,KapoMaximo,LAS,Viego,JUNGLE,2,4,5,6198,9,6942,394,5843,4,86,90,8,92,404.9010192565326,0.6405213742453126,1.75
LA2_1591401217,0,1777515147745,918.0,15.3,200,0,8,1,Vanitas,Vanitas,DANTE,Vex,MIDDLE,2,8,1,4867,14,9907,8453,1069,80,0,80,17,173,317.9655862152205,0.9520778581659995,0.375
LA2_1591401217,0,1777515147745,918.0,15.3,200,0,9,0,ItOnly,ItOnly,59hz,Ashe,BOTTOM,0,7,3,4527,10,4114,411,3703,86,0,86,21,119,295.71763921790136,0.6665562090719365,0.42857142857142855
LA2_1591401217,0,1777515147745,918.0,15.3,200,0,10,0,squirtlesourer1,squirtlesourer1,LAS,Xerath,UTILITY,3,4,2,5077,21,8401,7816,303,19,0,19,22,66,331.66450854263866,1.381909255314914,1.25
LA2_1591374686,0,1777511389983,2289.0,38.15,100,1,1,0,micrope,micrope,ZynKz,Singed,TOP,6,9,10,17060,32,31418,31133,284,310,16,326,48,254,447.03711683999256,0.8597895302758207,1.7777777777777777
LA2_1591374686,0,1777511389983,2289.0,38.15,100,1,2,0,KapoMaximo,KapoMaximo,LAS,Lillia,JUNGLE,8,7,10,15818,38,24329,19602,1330,18,235,253,31,234,414.4840819617433,1.018652458028873,2.5714285714285716
LA2_1591374686,0,1777511389983,2289.0,38.15,100,1,3,1,Vanitas,Vanitas,DANTE,Vex,MIDDLE,15,11,12,16947,42,53369,49299,1859,225,0,225,52,455,444.080139127274,1.104858744503416,2.4545454545454546
LA2_1591374686,0,1777511389983,2289.0,38.15,100,1,4,0,ItOnly,ItOnly,59hz,Kaisa,BOTTOM,20,13,6,23375,32,47420,25491,21829,247,4,251,2,478,612.5115917373962,0.8561343826897416,2.0
LA2_1591374686,0,1777511389983,2289.0,38.15,100,1,5,0,squirtlesourer1,squirtlesourer1,LAS,Maokai,UTILITY,2,13,22,12162,65,17618,15451,2166,42,0,42,96,359,318.6977179367891,1.713415478347665,1.8461538461538463
LA2_1591358838,0,1777508758295,1896.0,31.6,200,1,6,0,lee apreta tetas,lee apreta tetas,LAS,Malphite,TOP,6,8,9,13760,30,24220,17830,5833,213,4,217,35,268,435.26608887407735,0.9794929273407261,1.875
LA2_1591358838,0,1777508758295,1896.0,31.6,200,1,7,0,KapoMaximo,KapoMaximo,LAS,Warwick,JUNGLE,10,6,14,14603,24,15450,7551,7646,21,181,202,27,154,461.926564288118,0.7817938525994507,4.0
LA2_1591358838,0,1777508758295,1896.0,31.6,200,1,8,1,Vanitas,Vanitas,DANTE,Vex,MIDDLE,7,8,12,13236,43,24990,22481,1418,211,0,211,39,273,418.6711364175246,1.3875517436303466,2.375
LA2_1591358838,0,1777508758295,1896.0,31.6,200,1,9,0,Coringa Sinistro,Coringa Sinistro,LAS,Ashe,BOTTOM,9,8,15,14703,28,26779,3086,23692,183,12,195,45,213,465.0799691318411,0.9101907175030228,3.0
LA2_1591358838,0,1777508758295,1896.0,31.6,200,1,10,0,PR34CH3R,PR34CH3R,1412,Swain,UTILITY,13,4,15,13496,64,24089,21706,1530,72,0,72,49,73,426.88842379732563,2.0258876816327063,7.0
LA2_1591168700,0,1777430246097,1644.0,27.4,200,1,6,0,sett1cm,sett1cm,8908,Sett,TOP,11,3,9,15720,33,44737,0,36438,215,5,220,40,85,573.5881807414767,1.2224416498575414,6.666666666666667
LA2_1591168700,0,1777430246097,1644.0,27.4,200,1,7,0,Don Snorlax,Don Snorlax,LAX,Kayn,JUNGLE,4,1,6,12165,25,12431,0,12165,12,203,215,16,38,443.8523489959734,0.9194005201882746,10.0
LA2_1591168700,0,1777430246097,1644.0,27.4,200,1,8,1,Vanitas,Vanitas,DANTE,Vex,MIDDLE,5,7,10,11207,32,21604,19226,1701,174,8,182,28,192,408.9188858654345,1.1847188441645768,2.142857142857143
LA2_1591168700,0,1777430246097,1644.0,27.4,200,1,9,0,ItOnly,ItOnly,59hz,Kaisa,BOTTOM,10,5,9,15375,22,37294,17201,19874,176,0,176,4,92,560.9986215577845,0.82590841119776,3.8
LA2_1591168700,0,1777430246097,1644.0,27.4,200,1,10,0,Arqueopterixxx,Arqueopterixxx,111,Ashe,UTILITY,3,4,12,10141,76,16131,1669,14461,110,0,110,47,104,370.00412224180803,2.773687474191988,3.75
LA2_1591157056,0,1777428204520,1748.0,29.13,100,1,1,0,lkxlegxiix,lkxlegxiix,222,Smolder,TOP,7,5,4,13883,22,22735,3921,16592,231,1,232,5,125,476.5229451993785,0.7751196403844707,2.2
LA2_1591157056,0,1777428204520,1748.0,29.13,100,1,2,0,Pepsi Rehab,Pepsi Rehab,LAS,Warwick,JUNGLE,15,6,5,15653,13,21959,9520,10070,23,181,204,33,174,537.2759626809635,0.4618500630448666,3.3333333333333335
LA2_1591157056,0,1777428204520,1748.0,29.13,100,1,3,1,Vanitas,Vanitas,DANTE,Vex,MIDDLE,9,5,12,14236,47,33449,29769,2105,193,2,195,43,199,488.6492679617458,1.6204985751322725,4.2
LA2_1591157056,0,1777428204520,1748.0,29.13,100,1,4,0,ItOnly,ItOnly,59hz,Kaisa,BOTTOM,3,11,12,12006,34,18160,6445,11714,152,8,160,0,316,412.0840761043485,1.1837280708506468,1.3636363636363635
LA2_1591157056,0,1777428204520,1748.0,29.13,100,1,5,0,MORGH0T,MORGH0T,LAS,Braum,UTILITY,0,7,12,7427,87,3867,2655,760,19,0,19,21,156,254.91579694856384,2.9947793128666174,1.7142857142857142
LA2_1591138800,0,1777425973581,1790.0,29.83,100,1,1,0,YamaTo JS,YamaTo JS,LAS,Volibear,TOP,12,9,5,15485,27,46549,21053,24115,192,3,195,26,219,519.0345780916713,0.9306470860459595,1.8888888888888888
LA2_1591138800,0,1777425973581,1790.0,29.83,100,1,2,0,Sapres,Sapres,LAS,Shyvana,JUNGLE,8,4,9,14640,20,24877,10652,9609,30,209,239,13,95,490.7134753531184,0.6978404706915393,4.25
LA2_1591138800,0,1777425973581,1790.0,29.83,100,1,3,1,Vanitas,Vanitas,DANTE,Vex,MIDDLE,9,10,10,11570,25,36142,31973,2529,156,0,156,36,345,387.8069869261931,0.8439836410443764,1.9
LA2_1591138800,0,1777425973581,1790.0,29.83,100,1,4,0,ItOnly,ItOnly,59hz,Kaisa,BOTTOM,7,6,9,14325,39,33284,14974,18309,217,0,217,0,181,480.14852843573,1.3201412094518215,2.6666666666666665
LA2_1591138800,0,1777425973581,1790.0,29.83,100,1,5,0,Lestatsy,Lestatsy,LAS,Sona,UTILITY,3,8,20,10564,73,13966,11862,2104,31,0,31,8,139,354.0916019581044,2.4701080520253873,2.875
LA2_1591128136,0,1777424058995,1565.0,26.08,100,0,1,0,Zed Gear 5,Zed Gear 5,Nico,Rengar,TOP,6,6,4,9611,20,19092,1154,16536,147,0,147,14,211,368.2638740868477,0.7857389662002843,1.6666666666666667
LA2_1591128136,0,1777424058995,1565.0,26.08,100,0,2,0,nabztrakt,nabztrakt,LAS,FiddleSticks,JUNGLE,1,6,3,7875,38,9310,8718,128,27,108,135,22,134,301.755204047791,1.4635166281318903,0.6666666666666666
LA2_1591128136,0,1777424058995,1565.0,26.08,100,0,3,1,Vanitas,Vanitas,DANTE,Vex,MIDDLE,1,11,2,7616,26,12780,10683,901,168,0,168,18,297,291.83243093134575,1.0154078155007253,0.2727272727272727
LA2_1591128136,0,1777424058995,1565.0,26.08,100,0,4,0,ItOnly,ItOnly,59hz,Jinx,BOTTOM,1,8,6,9829,14,11394,348,11046,183,0,183,18,203,376.63401614239257,0.5722805078028017,0.875
LA2_1591128136,0,1777424058995,1565.0,26.08,100,0,5,0,Señoritta Li,Señoritta Li,LAS,Lux,UTILITY,8,4,1,11370,65,25483,22642,1414,82,0,82,53,85,435.66812227215837,2.5045406572066833,2.25
LA2_1590925747,0,1777343834935,1237.0,20.62,100,1,1,0,Spin Dragon,Spin Dragon,LAS,Nasus,TOP,4,1,3,9287,13,13092,1874,11175,156,0,156,18,12,450.2594730420423,0.658449112616398,7.0
LA2_1590925747,0,1777343834935,1237.0,20.62,100,1,2,0,KapoMaximo,KapoMaximo,LAS,Warwick,JUNGLE,9,2,8,10002,17,9264,4129,5054,5,144,149,19,53,484.92694243114437,0.832291673611445,8.5
LA2_1590925747,0,1777343834935,1237.0,20.62,100,1,3,1,Vanitas,Vanitas,DANTE,Vex,MIDDLE,11,1,9,10880,40,26775,23734,2279,162,2,164,29,41,527.5044597329265,1.9403869495057233,20.0
LA2_1590925747,0,1777343834935,1237.0,20.62,100,1,4,0,A N Y S A,A N Y S A,LAS,MissFortune,BOTTOM,8,4,6,10413,13,21507,1182,20099,166,0,166,4,46,504.8471505384771,0.6694989592470346,3.5
LA2_1590925747,0,1777343834935,1237.0,20.62,100,1,5,0,squirtlesourer1,squirtlesourer1,LAS,Milio,UTILITY,1,0,17,6761,52,4135,3202,933,18,0,18,19,0,327.7855858325668,2.5580039863468356,18.0
LA2_1590896412,0,1777339131957,911.0,15.18,200,0,6,0,KapoMaximo,KapoMaximo,LAS,Urgot,TOP,2,5,0,4607,11,4784,0,4568,79,0,79,5,113,303.1781373115768,0.7705365295795211,0.4
LA2_1590896412,0,1777339131957,911.0,15.18,200,0,7,0,Amnesia,Amnesia,BOT,Evelynn,JUNGLE,1,2,0,5239,10,2763,2329,239,0,108,108,2,45,344.72661994505864,0.6982441969674291,0.5
LA2_1590896412,0,1777339131957,911.0,15.18,200,0,8,1,Vanitas,Vanitas,DANTE,Vex,MIDDLE,2,5,1,5085,8,9151,6949,1358,95,0,95,15,105,334.63929782716446,0.5756587059337909,0.6
LA2_1590896412,0,1777339131957,911.0,15.18,200,0,9,0,Matiroca13,Matiroca13,8501,Draven,BOTTOM,3,8,2,5694,5,11189,20,11169,83,0,83,8,130,374.670362589432,0.3875187957018286,0.625
LA2_1590896412,0,1777339131957,911.0,15.18,200,0,10,0,squirtlesourer1,squirtlesourer1,LAS,Soraka,UTILITY,1,6,4,4423,22,4218,3061,1157,26,0,26,27,78,291.04049710375955,1.509427891927947,0.8333333333333334
LA2_1590885287,0,1777337084137,1717.0,28.62,200,1,6,0,KapoMaximo,KapoMaximo,LAS,Riven,TOP,1,10,2,9408,19,6906,0,5991,174,0,174,20,282,328.75179685239465,0.678246367809927,0.3
LA2_1590885287,0,1777337084137,1717.0,28.62,200,1,7,0,Därk,Därk,768,Warwick,JUNGLE,10,7,17,14019,12,23910,11048,12324,32,139,171,34,254,489.87894056207966,0.44159193758905857,3.857142857142857
LA2_1590885287,0,1777337084137,1717.0,28.62,200,1,8,1,Vanitas,Vanitas,DANTE,Vex,MIDDLE,13,8,7,13912,36,34552,31761,1818,213,0,213,41,228,486.14112379423545,1.2768799515187579,2.5
LA2_1590885287,0,1777337084137,1717.0,28.62,200,1,9,0,Matiroca13,Matiroca13,8501,Tristana,BOTTOM,19,9,7,18385,14,42414,3109,38887,182,7,189,9,281,642.4306412248826,0.5023874883849414,2.888888888888889
LA2_1590885287,0,1777337084137,1717.0,28.62,200,1,10,0,squirtlesourer1,squirtlesourer1,LAS,Blitzcrank,UTILITY,0,8,19,7599,60,6929,4491,2437,18,0,18,48,200,265.5438708484344,2.0998688078200485,2.375
LA2_1590863902,0,1777333323679,1781.0,29.68,100,0,1,0,DisenLeywin,DisenLeywin,ART,Kayle,TOP,1,7,1,9408,33,8609,5908,2701,211,0,211,9,218,316.90057102221806,1.1323906162475035,0.2857142857142857
LA2_1590863902,0,1777333323679,1781.0,29.68,100,0,2,0,El maldito pollo,El maldito pollo,1617,Viego,JUNGLE,2,6,2,9993,30,16232,1136,14857,12,180,192,18,204,336.59102004366855,1.0157248149589178,0.6666666666666666
LA2_1590863902,0,1777333323679,1781.0,29.68,100,0,3,1,Vanitas,Vanitas,DANTE,Vex,MIDDLE,3,4,0,10586,37,16934,13974,1955,222,0,222,30,83,356.5936890338332,1.274529701649297,0.75
LA2_1590863902,0,1777333323679,1781.0,29.68,100,0,4,0,Matiroca13,Matiroca13,8501,Caitlyn,BOTTOM,2,7,1,11297,19,22085,1567,20406,247,0,247,23,201,380.53505963732897,0.6407731547482468,0.42857142857142855
LA2_1590863902,0,1777333323679,1781.0,29.68,100,0,5,0,squirtlesourer1,squirtlesourer1,LAS,Milio,UTILITY,0,3,3,7121,86,4772,3987,785,31,0,31,25,75,239.8708359354223,2.924465461752258,1.0
LA2_1590012156,0,1777068999285,1679.0,27.98,100,1,1,0,Puzzymaker,Puzzymaker,LAS,Nasus,TOP,8,0,1,13907,25,23163,2317,20758,249,0,249,10,0,496.8159292953243,0.9003379685193906,9.0
LA2_1590012156,0,1777068999285,1679.0,27.98,100,1,2,0,Paul,Paul,CROWN,Shyvana,JUNGLE,3,1,2,12541,25,7842,3278,4174,32,241,273,7,45,448.0338152025739,0.9068293223633751,5.0
LA2_1590012156,0,1777068999285,1679.0,27.98,100,1,3,1,Vanitas,Vanitas,DANTE,Vex,MIDDLE,9,6,9,13680,26,21269,18916,1375,192,0,192,23,233,488.7221024121253,0.95196961238422,3.0
LA2_1590012156,0,1777068999285,1679.0,27.98,100,1,4,0,Matiroca13,Matiroca13,8501,Samira,BOTTOM,7,4,7,14553,12,24459,2607,21209,227,12,239,1,153,519.8806270276245,0.45897506753359313,3.5
LA2_1590012156,0,1777068999285,1679.0,27.98,100,1,5,0,KapoMaximo,KapoMaximo,LAS,Pantheon,UTILITY,3,3,8,9214,53,13020,106,11650,48,0,48,18,104,329.17408934405745,1.9205061790986777,3.6666666666666665
LA2_1590006605,0,1777067935076,84.0,1.4,100,1,1,0,Bubalu,Bubalu,420,Mordekaiser,TOP,0,0,0,560,0,724,455,268,1,0,1,0,0,397.1671106536856,0.9711911136710675,2.3333333333333335
LA2_1590006605,0,1777067935076,84.0,1.4,100,1,2,0,gabychan,gabychan,ZI O,Talon,JUNGLE,0,0,0,615,0,0,0,0,0,4,4,0,0,436.11905010241287,0.9711911136710675,2.3333333333333335
LA2_1590006605,0,1777067935076,84.0,1.4,100,1,3,1,Vanitas,Vanitas,DANTE,Vex,MIDDLE,0,0,0,560,0,91,77,13,1,0,1,1,0,397.1673700096633,0.9711911136710675,2.3333333333333335
LA2_1590006605,0,1777067935076,84.0,1.4,100,1,4,0,Matiroca13,Matiroca13,8501,Samira,BOTTOM,0,0,0,600,0,57,0,57,3,0,3,0,0,425.4958292558478,0.9711911136710675,2.3333333333333335
LA2_1590006605,0,1777067935076,84.0,1.4,100,1,5,0,KapoMaximo,KapoMaximo,LAS,Nautilus,UTILITY,0,0,0,566,0,65,65,0,1,0,1,1,0,401.4157506023674,0.9711911136710675,2.3333333333333335
LA2_1589999354,0,1777065807699,1781.0,29.68,200,0,6,0,chess player,chess player,346,Nasus,TOP,5,10,4,10241,22,19761,10534,8913,129,4,133,25,250,344.90434798111266,0.7547792484772758,0.9
LA2_1589999354,0,1777065807699,1781.0,29.68,200,0,7,0,Khorona,Khorona,WEBO,Vi,JUNGLE,5,9,3,11214,23,15660,0,13429,47,126,173,30,304,377.6751454048464,0.8052208484246159,0.8888888888888888
LA2_1589999354,0,1777065807699,1781.0,29.68,200,0,8,1,Vanitas,Vanitas,DANTE,Vex,MIDDLE,4,12,3,8502,32,20105,17366,1124,125,1,126,30,367,286.3311628544844,1.0905834893960273,0.5833333333333334
LA2_1589999354,0,1777065807699,1781.0,29.68,200,0,9,0,Matiroca13,Matiroca13,8501,Caitlyn,BOTTOM,8,10,3,13836,14,32500,549,31808,191,0,191,22,313,465.9543628870376,0.48981404590555555,1.1
LA2_1589999354,0,1777065807699,1781.0,29.68,200,0,10,0,KapoMaximo,KapoMaximo,LAS,Morgana,UTILITY,5,11,5,10365,43,18809,15969,791,37,0,37,53,321,349.0554009415344,1.449027549301458,0.9090909090909091
LA2_1589990403,0,1777063239420,1501.0,25.02,200,1,6,0,KapoMaximo,KapoMaximo,LAS,MonkeyKing,TOP,12,4,4,12757,17,25592,4536,20168,176,0,176,10,119,509.6351084644319,0.6811357911373701,4.0
LA2_1589990403,0,1777063239420,1501.0,25.02,200,1,7,0,iJoker,iJoker,LAS,Sion,JUNGLE,4,0,9,11354,17,9026,1975,6544,24,187,211,18,0,453.5576706570561,0.7180261892145369,13.0
LA2_1589990403,0,1777063239420,1501.0,25.02,200,1,8,1,Vanitas,Vanitas,DANTE,Vex,MIDDLE,11,5,3,12370,23,22785,20837,1383,175,0,175,29,141,494.15203866446626,0.9493249896103538,2.8
LA2_1589990403,0,1777063239420,1501.0,25.02,200,1,9,0,Corvette ZR1,Corvette ZR1,Astra,Samira,BOTTOM,3,5,4,9267,14,5385,879,4378,133,0,133,2,99,370.2061429760188,0.5942445839994606,1.4
LA2_1589990403,0,1777063239420,1501.0,25.02,200,1,10,0,Poppyneta,Poppyneta,Poppy,Pantheon,UTILITY,4,7,13,8947,50,20909,365,19074,33,6,39,25,147,357.4405188331844,2.002876942706583,2.4285714285714284
LA2_1589870059,0,1777000862212,1938.0,32.3,100,1,1,0,Enma,Enma,Bucky,Yone,TOP,1,5,5,10612,25,13689,2787,9906,214,8,222,13,173,328.56125346188736,0.7819341517189519,1.2
LA2_1589870059,0,1777000862212,1938.0,32.3,100,1,2,0,ELECTROTI,ELECTROTI,LAS,Diana,JUNGLE,8,5,10,15381,31,25120,20778,3773,77,193,270,16,172,476.1954699173129,0.9751858752726517,3.6
LA2_1589870059,0,1777000862212,1938.0,32.3,100,1,3,1,Vanitas,Vanitas,DANTE,Vex,MIDDLE,15,10,4,14704,29,34730,32153,1558,211,0,211,27,353,455.22850084674775,0.901248871511922,1.9
LA2_1589870059,0,1777000862212,1938.0,32.3,100,1,4,0,ItOnly,ItOnly,59hz,Kaisa,BOTTOM,12,5,5,17603,44,33322,16385,16797,255,4,259,1,154,544.9930518517704,1.3738565209138096,3.4
LA2_1589870059,0,1777000862212,1938.0,32.3,100,1,5,0,IDARDO FUSENECKO,IDARDO FUSENECKO,LAS,Milio,UTILITY,1,2,22,10829,92,8011,7371,639,48,4,52,20,66,335.26582686050557,2.8784149131141588,11.5
LA2_1589854833,0,1776998876405,1632.0,27.2,200,1,6,0,RENM,RENM,LAS,Vayne,TOP,3,8,3,10061,30,15900,505,10373,154,8,162,11,200,369.7029909491921,1.1217458760741863,0.75
LA2_1589854833,0,1776998876405,1632.0,27.2,200,1,7,0,AngelusMors,AngelusMors,Risk,Ivern,JUNGLE,2,7,13,10461,10,12464,9089,2999,16,106,122,49,171,384.4002962189212,0.3962070974546512,2.142857142857143
LA2_1589854833,0,1776998876405,1632.0,27.2,200,1,8,1,Vanitas,Vanitas,DANTE,Vex,MIDDLE,17,3,3,14238,24,34287,31536,1722,202,0,202,36,81,523.1466427344063,0.9073042400201585,6.666666666666667
LA2_1589854833,0,1776998876405,1632.0,27.2,200,1,9,0,ItOnly,ItOnly,59hz,Kaisa,BOTTOM,8,7,10,14440,36,26283,10238,15847,195,20,215,4,189,530.5775714014369,1.351211233225431,2.5714285714285716
LA2_1589854833,0,1776998876405,1632.0,27.2,200,1,10,0,RipDelop,RipDelop,0608,Braum,UTILITY,5,4,17,9527,63,10693,7726,2165,34,0,34,37,92,350.06295215005025,2.3341624882955414,5.5
LA2_1589843287,0,1776996923594,1490.0,24.83,200,0,6,0,Thyx,Thyx,SHIFT,Darius,TOP,4,7,0,9863,24,12624,0,10391,164,4,168,13,177,397.15358814795565,0.988857127779094,0.5714285714285714
LA2_1589843287,0,1776996923594,1490.0,24.83,200,0,7,0,Ezesannac,Ezesannac,LAS,XinZhao,JUNGLE,0,6,4,7956,14,11740,906,9806,21,143,164,15,179,320.3827038639251,0.5675971764219588,0.6666666666666666
LA2_1589843287,0,1776996923594,1490.0,24.83,200,0,8,1,Vanitas,Vanitas,DANTE,Vex,MIDDLE,2,6,5,8762,30,17701,14967,1913,181,0,181,23,186,352.83199750929884,1.2412452119292408,1.1666666666666667
LA2_1589843287,0,1776996923594,1490.0,24.83,200,0,9,0,ItOnly,ItOnly,59hz,Kaisa,BOTTOM,10,8,3,13035,27,21096,7809,13244,176,0,176,0,200,524.8596876500367,1.1032786122860652,1.625
LA2_1589843287,0,1776996923594,1490.0,24.83,200,0,10,0,ElioSama,ElioSama,LAS,TahmKench,UTILITY,1,4,12,7026,60,9071,6499,1466,31,0,31,21,111,282.93519815302676,2.435677742466974,3.25
LA2_1589828578,0,1776995029565,1543.0,25.72,200,1,6,0,Sig Curtis,Sig Curtis,LAS,Aatrox,TOP,6,2,9,10718,29,16314,579,14634,162,8,170,16,79,416.71141143943413,1.135227335778999,7.5
LA2_1589828578,0,1776995029565,1543.0,25.72,200,1,7,0,Øhín,Øhín,LAS,Nocturne,JUNGLE,7,1,11,12085,19,14777,1080,12726,12,175,187,149,12,469.8700169763519,0.7450659672430624,18.0
LA2_1589828578,0,1776995029565,1543.0,25.72,200,1,8,1,Vanitas,Vanitas,DANTE,Vex,MIDDLE,15,1,7,13535,37,29927,27543,1884,215,0,215,33,37,526.2588081415718,1.4458562255223304,22.0
LA2_1589828578,0,1776995029565,1543.0,25.72,200,1,9,0,ItOnly,ItOnly,59hz,Kaisa,BOTTOM,15,4,10,15425,24,28324,12444,15770,174,0,174,2,95,599.7484167713645,0.9423597473018126,6.25
LA2_1589828578,0,1776995029565,1543.0,25.72,200,1,10,0,EnÐymion,EnÐymion,Gerli,Maokai,UTILITY,3,2,24,9704,52,9799,7472,1936,40,3,43,48,32,377.3123426808576,2.0517370178263596,13.5
LA2_1589772985,0,1776984172759,1734.0,28.9,200,1,6,0,ElportadorDavid,ElportadorDavid,LAS,Darius,TOP,7,5,6,12411,30,23400,228,17848,182,8,190,31,161,429.3890098389347,1.071857813887802,2.6
LA2_1589772985,0,1776984172759,1734.0,28.9,200,1,7,0,Zamonkey,Zamonkey,CLT,Shyvana,JUNGLE,12,5,10,15626,43,27876,11920,12091,38,196,234,15,123,540.6256038458945,1.4913356483217832,4.4
LA2_1589772985,0,1776984172759,1734.0,28.9,200,1,8,1,Vanitas,Vanitas,DANTE,Vex,MIDDLE,13,2,12,14120,42,39335,34944,1747,205,0,205,52,60,488.50552830050196,1.4574633782602746,12.5
LA2_1589772985,0,1776984172759,1734.0,28.9,200,1,9,0,Mate of Soul,Mate of Soul,LAS,Kaisa,BOTTOM,5,5,13,13593,36,27625,9615,16088,218,0,218,5,155,470.28436283651075,1.2584606242400773,3.6
LA2_1589772985,0,1776984172759,1734.0,28.9,200,1,10,0,squirtlesourer1,squirtlesourer1,LAS,Milio,UTILITY,1,2,25,9895,69,8334,6242,1469,28,0,28,41,70,342.34935838975264,2.4022895554002908,13.0
LA2_1589615492,0,1776913003424,1738.0,28.97,200,1,6,0,IsKandarX,IsKandarX,ff15,Mordekaiser,TOP,4,6,5,10770,32,22407,17844,2793,187,0,187,17,211,371.67702981596045,1.1308589212090066,1.5
LA2_1589615492,0,1776913003424,1738.0,28.97,200,1,7,0,KapoMaximo,KapoMaximo,LAS,Kindred,JUNGLE,8,6,7,12996,30,17493,2215,14064,11,181,192,11,214,448.50583451118246,1.0546522455903893,2.5
LA2_1589615492,0,1776913003424,1738.0,28.97,200,1,8,1,Vanitas,Vanitas,DANTE,Vex,MIDDLE,8,7,14,13967,35,35808,31758,2342,216,4,220,46,262,482.019039816156,1.2329375290706701,3.142857142857143
LA2_1589615492,0,1776913003424,1738.0,28.97,200,1,9,0,Matiroca13,Matiroca13,8501,Samira,BOTTOM,16,7,8,17842,15,38410,4069,33170,212,0,212,4,200,615.7441192650531,0.536650656582525,3.4285714285714284
LA2_1589615492,0,1776913003424,1738.0,28.97,200,1,10,0,squirtlesourer1,squirtlesourer1,LAS,Thresh,UTILITY,2,5,23,9903,65,12291,10268,1186,33,0,33,46,172,341.7545262829824,2.268316120473089,5.0
